{
  "type": "FeatureCollection",
  "features": [
    {
      "type": "Feature",
      "geometry": {
        "type": "Point",
        "coordinates": [
          33.89109,
          0.53546
        ]
      },
      "properties": {
        "id": "B001",
        "name": "KIBIMBA",
        "link": "None",
        "length": 60.0,
        "width": 13.0,
        "class": "National"
      }
    },
    {
      "type": "Feature",
      "geometry": {
        "type": "Point",
        "coordinates": [
          34.263512,
          0.638512
        ]
      },
      "properties": {
        "id": "B002",
        "name": "Malaba",
        "link": "None",
        "length": 31.100000381469727,
        "width": 8.300000190734863,
        "class": "National"
      }
    },
    {
      "type": "Feature",
      "geometry": {
        "type": "Point",
        "coordinates": [
          32.510059,
          0.301
        ]
      },
      "properties": {
        "id": "B003",
        "name": "Busega",
        "link": "None",
        "length": 8.899999618530273,
        "width": 17.600000381469727,
        "class": "National"
      }
    },
    {
      "type": "Feature",
      "geometry": {
        "type": "Point",
        "coordinates": [
          32.007389,
          0.03423
        ]
      },
      "properties": {
        "id": "B004",
        "name": "Katonga Bridge",
        "link": "None",
        "length": 35.0,
        "width": 6.400000095367432,
        "class": "National"
      }
    },
    {
      "type": "Feature",
      "geometry": {
        "type": "Point",
        "coordinates": [
          30.644039,
          -0.61817
        ]
      },
      "properties": {
        "id": "B005",
        "name": "RWIZI BRIDGE",
        "link": "None",
        "length": 55.5,
        "width": 11.0,
        "class": "National"
      }
    },
    {
      "type": "Feature",
      "geometry": {
        "type": "Point",
        "coordinates": [
          30.223,
          -0.92715
        ]
      },
      "properties": {
        "id": "B006",
        "name": "KAMIRA BRIDGE",
        "link": "None",
        "length": 42.0,
        "width": 8.0,
        "class": "National"
      }
    },
    {
      "type": "Feature",
      "geometry": {
        "type": "Point",
        "coordinates": [
          30.20702,
          -0.95836
        ]
      },
      "properties": {
        "id": "B007",
        "name": "RUBANGA BRIDGE",
        "link": "None",
        "length": 31.290000915527344,
        "width": 8.0,
        "class": "National"
      }
    },
    {
      "type": "Feature",
      "geometry": {
        "type": "Point",
        "coordinates": [
          30.18478,
          -1.03785
        ]
      },
      "properties": {
        "id": "B008",
        "name": "KATINADA BRIDGE",
        "link": "None",
        "length": 14.0,
        "width": 11.0,
        "class": "National"
      }
    },
    {
      "type": "Feature",
      "geometry": {
        "type": "Point",
        "coordinates": [
          30.028669,
          -1.26244
        ]
      },
      "properties": {
        "id": "B009",
        "name": "KYANAMIRA BRIDGE",
        "link": "None",
        "length": 21.0,
        "width": 10.84000015258789,
        "class": "National"
      }
    },
    {
      "type": "Feature",
      "geometry": {
        "type": "Point",
        "coordinates": [
          30.01174,
          -1.42476
        ]
      },
      "properties": {
        "id": "B010",
        "name": "Mwanyare",
        "link": "A002",
        "length": 15.59000015258789,
        "width": 9.970000267028809,
        "class": "National"
      }
    },
    {
      "type": "Feature",
      "geometry": {
        "type": "Point",
        "coordinates": [
          31.488461,
          0.84254
        ]
      },
      "properties": {
        "id": "B011",
        "name": "Bukoola",
        "link": "None",
        "length": 30.0,
        "width": 10.800000190734863,
        "class": "National"
      }
    },
    {
      "type": "Feature",
      "geometry": {
        "type": "Point",
        "coordinates": [
          32.41814,
          -0.32935
        ]
      },
      "properties": {
        "id": "B012",
        "name": "Buyala",
        "link": "None",
        "length": 29.100000381469727,
        "width": 11.300000190734863,
        "class": "National"
      }
    },
    {
      "type": "Feature",
      "geometry": {
        "type": "Point",
        "coordinates": [
          30.39365,
          0.64335
        ]
      },
      "properties": {
        "id": "B013",
        "name": "Mpanga",
        "link": "None",
        "length": 26.979999542236328,
        "width": 10.300000190734863,
        "class": "National"
      }
    },
    {
      "type": "Feature",
      "geometry": {
        "type": "Point",
        "coordinates": [
          30.296738,
          0.660422
        ]
      },
      "properties": {
        "id": "B014",
        "name": "Mpanga",
        "link": "C542",
        "length": 16.399999618530273,
        "width": 7.199999809265137,
        "class": "National"
      }
    },
    {
      "type": "Feature",
      "geometry": {
        "type": "Point",
        "coordinates": [
          30.278099,
          0.6569
        ]
      },
      "properties": {
        "id": "B015",
        "name": "Mpanga",
        "link": "None",
        "length": 15.0,
        "width": 7.800000190734863,
        "class": "National"
      }
    },
    {
      "type": "Feature",
      "geometry": {
        "type": "Point",
        "coordinates": [
          30.211411,
          0.37333
        ]
      },
      "properties": {
        "id": "B016",
        "name": "RWIMI",
        "link": "None",
        "length": 15.699999809265137,
        "width": 7.800000190734863,
        "class": "National"
      }
    },
    {
      "type": "Feature",
      "geometry": {
        "type": "Point",
        "coordinates": [
          30.27809,
          -0.349995
        ]
      },
      "properties": {
        "id": "B017",
        "name": "Nsonja",
        "link": "None",
        "length": 15.399999618530273,
        "width": 8.300000190734863,
        "class": "National"
      }
    },
    {
      "type": "Feature",
      "geometry": {
        "type": "Point",
        "coordinates": [
          30.120991,
          -0.2614
        ]
      },
      "properties": {
        "id": "B018",
        "name": "MUBUKU BRIDGE",
        "link": "None",
        "length": 30.799999237060547,
        "width": 10.0,
        "class": "National"
      }
    },
    {
      "type": "Feature",
      "geometry": {
        "type": "Point",
        "coordinates": [
          34.333321,
          2.57954
        ]
      },
      "properties": {
        "id": "B019",
        "name": "Lopei Irish Crossing",
        "link": "None",
        "length": null,
        "width": null,
        "class": "National"
      }
    },
    {
      "type": "Feature",
      "geometry": {
        "type": "Point",
        "coordinates": [
          34.341084,
          2.572684
        ]
      },
      "properties": {
        "id": "B020",
        "name": "Lopei Irish Crossing",
        "link": "None",
        "length": null,
        "width": null,
        "class": "National"
      }
    },
    {
      "type": "Feature",
      "geometry": {
        "type": "Point",
        "coordinates": [
          34.22258,
          2.09746
        ]
      },
      "properties": {
        "id": "B021",
        "name": "Iriri MPCs",
        "link": "None",
        "length": null,
        "width": null,
        "class": "National"
      }
    },
    {
      "type": "Feature",
      "geometry": {
        "type": "Point",
        "coordinates": [
          29.720169,
          -0.041108
        ]
      },
      "properties": {
        "id": "B022",
        "name": "MPONDWE BRIDGE",
        "link": "None",
        "length": 21.200000762939453,
        "width": 10.0,
        "class": "National"
      }
    },
    {
      "type": "Feature",
      "geometry": {
        "type": "Point",
        "coordinates": [
          32.041779,
          1.54247
        ]
      },
      "properties": {
        "id": "B023",
        "name": "Kafu Bridge",
        "link": "None",
        "length": 73.69999694824219,
        "width": 9.800000190734863,
        "class": "National"
      }
    },
    {
      "type": "Feature",
      "geometry": {
        "type": "Point",
        "coordinates": [
          32.239796,
          2.242707
        ]
      },
      "properties": {
        "id": "B025",
        "name": "KARUMA BRIDGE",
        "link": "None",
        "length": 86.0,
        "width": 8.270000457763672,
        "class": "National"
      }
    },
    {
      "type": "Feature",
      "geometry": {
        "type": "Point",
        "coordinates": [
          34.17004,
          0.82749
        ]
      },
      "properties": {
        "id": "B026",
        "name": "MAGODES",
        "link": "None",
        "length": 7.0,
        "width": 9.5,
        "class": "National"
      }
    },
    {
      "type": "Feature",
      "geometry": {
        "type": "Point",
        "coordinates": [
          34.172459,
          1.10874
        ]
      },
      "properties": {
        "id": "B028",
        "name": "NAMATALA",
        "link": "None",
        "length": 9.5,
        "width": 6.5,
        "class": "National"
      }
    },
    {
      "type": "Feature",
      "geometry": {
        "type": "Point",
        "coordinates": [
          34.15733,
          1.1647
        ]
      },
      "properties": {
        "id": "B029",
        "name": "FIKA-SALAAMA",
        "link": "None",
        "length": 4.199999809265137,
        "width": 8.399999618530273,
        "class": "National"
      }
    },
    {
      "type": "Feature",
      "geometry": {
        "type": "Point",
        "coordinates": [
          33.7374,
          1.66698
        ]
      },
      "properties": {
        "id": "B030",
        "name": "AWOJA",
        "link": "None",
        "length": 60.0,
        "width": 10.600000381469727,
        "class": "National"
      }
    },
    {
      "type": "Feature",
      "geometry": {
        "type": "Point",
        "coordinates": [
          32.341961,
          2.22715
        ]
      },
      "properties": {
        "id": "B031",
        "name": "TOCHI BRIDGE",
        "link": "None",
        "length": 31.200000762939453,
        "width": 9.84000015258789,
        "class": "National"
      }
    },
    {
      "type": "Feature",
      "geometry": {
        "type": "Point",
        "coordinates": [
          31.507437,
          2.459358
        ]
      },
      "properties": {
        "id": "B032",
        "name": "ALBERT NILE BRIDGE",
        "link": "None",
        "length": 241.89999389648438,
        "width": 11.0,
        "class": "National"
      }
    },
    {
      "type": "Feature",
      "geometry": {
        "type": "Point",
        "coordinates": [
          31.172573,
          2.482735
        ]
      },
      "properties": {
        "id": "B033",
        "name": "ACHWERA BRIDGE",
        "link": "None",
        "length": 16.5,
        "width": 9.899999618530273,
        "class": "National"
      }
    },
    {
      "type": "Feature",
      "geometry": {
        "type": "Point",
        "coordinates": [
          31.141695,
          2.490772
        ]
      },
      "properties": {
        "id": "B034",
        "name": "AKABA BRIDGE",
        "link": "None",
        "length": 11.479999542236328,
        "width": 9.899999618530273,
        "class": "National"
      }
    },
    {
      "type": "Feature",
      "geometry": {
        "type": "Point",
        "coordinates": [
          31.128204,
          2.49496
        ]
      },
      "properties": {
        "id": "B035",
        "name": "NYARWODHO BRIDGE",
        "link": "None",
        "length": 11.5,
        "width": 9.899999618530273,
        "class": "National"
      }
    },
    {
      "type": "Feature",
      "geometry": {
        "type": "Point",
        "coordinates": [
          31.090334,
          2.511596
        ]
      },
      "properties": {
        "id": "B036",
        "name": "NAMTHIN BRIDGE",
        "link": "None",
        "length": 16.350000381469727,
        "width": 9.899999618530273,
        "class": "National"
      }
    },
    {
      "type": "Feature",
      "geometry": {
        "type": "Point",
        "coordinates": [
          31.140558,
          2.656083
        ]
      },
      "properties": {
        "id": "B037",
        "name": "ORA BRIDGE",
        "link": "None",
        "length": 44.27000045776367,
        "width": 9.699999809265137,
        "class": "National"
      }
    },
    {
      "type": "Feature",
      "geometry": {
        "type": "Point",
        "coordinates": [
          30.995136,
          2.829575
        ]
      },
      "properties": {
        "id": "B038",
        "name": "AGUYI BRIDGE",
        "link": "None",
        "length": 16.450000762939453,
        "width": 9.899999618530273,
        "class": "National"
      }
    },
    {
      "type": "Feature",
      "geometry": {
        "type": "Point",
        "coordinates": [
          30.984146,
          2.867597
        ]
      },
      "properties": {
        "id": "B039",
        "name": "OZUVA BRIDGE",
        "link": "None",
        "length": 9.399999618530273,
        "width": 9.800000190734863,
        "class": "National"
      }
    },
    {
      "type": "Feature",
      "geometry": {
        "type": "Point",
        "coordinates": [
          30.9809,
          2.879874
        ]
      },
      "properties": {
        "id": "B040",
        "name": "WIKI BRIDGE",
        "link": "None",
        "length": 16.5,
        "width": 9.899999618530273,
        "class": "National"
      }
    },
    {
      "type": "Feature",
      "geometry": {
        "type": "Point",
        "coordinates": [
          31.909081,
          0.8206
        ]
      },
      "properties": {
        "id": "B041",
        "name": "KAYIRILA BRIDGE",
        "link": "None",
        "length": null,
        "width": null,
        "class": "National"
      }
    },
    {
      "type": "Feature",
      "geometry": {
        "type": "Point",
        "coordinates": [
          33.737881,
          0.96719
        ]
      },
      "properties": {
        "id": "B042",
        "name": "MPOLOGOMA",
        "link": "None",
        "length": 33.63999938964844,
        "width": 10.699999809265137,
        "class": "National"
      }
    },
    {
      "type": "Feature",
      "geometry": {
        "type": "Point",
        "coordinates": [
          30.705971,
          0.08435
        ]
      },
      "properties": {
        "id": "B043",
        "name": "RUSHANGO-BRIDGE",
        "link": "None",
        "length": 31.649999618530273,
        "width": 11.350000381469727,
        "class": "National"
      }
    },
    {
      "type": "Feature",
      "geometry": {
        "type": "Point",
        "coordinates": [
          30.461651,
          0.100761
        ]
      },
      "properties": {
        "id": "B044",
        "name": "Mpanga - Bridge",
        "link": "B150",
        "length": 11.5,
        "width": 4.5,
        "class": "National"
      }
    },
    {
      "type": "Feature",
      "geometry": {
        "type": "Point",
        "coordinates": [
          32.5173,
          0.176
        ]
      },
      "properties": {
        "id": "B045",
        "name": "Bamuli overbridge 2",
        "link": "None",
        "length": null,
        "width": null,
        "class": "National"
      }
    },
    {
      "type": "Feature",
      "geometry": {
        "type": "Point",
        "coordinates": [
          33.186661,
          0.43834
        ]
      },
      "properties": {
        "id": "B046",
        "name": "Bumuli overbridge 2",
        "link": "None",
        "length": 525.0,
        "width": 22.729999542236328,
        "class": "National"
      }
    },
    {
      "type": "Feature",
      "geometry": {
        "type": "Point",
        "coordinates": [
          30.04866,
          0.1251
        ]
      },
      "properties": {
        "id": "B047",
        "name": "KATUNGURU BRIDGE",
        "link": "None",
        "length": 60.77000045776367,
        "width": 8.0,
        "class": "National"
      }
    },
    {
      "type": "Feature",
      "geometry": {
        "type": "Point",
        "coordinates": [
          30.729679,
          0.87107
        ]
      },
      "properties": {
        "id": "B048",
        "name": "MUZIZI",
        "link": "None",
        "length": 40.779998779296875,
        "width": 9.649999618530273,
        "class": "National"
      }
    },
    {
      "type": "Feature",
      "geometry": {
        "type": "Point",
        "coordinates": [
          30.99474,
          1.12972
        ]
      },
      "properties": {
        "id": "B049",
        "name": "NKUSI",
        "link": "None",
        "length": 21.100000381469727,
        "width": 11.050000190734863,
        "class": "National"
      }
    },
    {
      "type": "Feature",
      "geometry": {
        "type": "Point",
        "coordinates": [
          34.19989,
          1.153
        ]
      },
      "properties": {
        "id": "B050",
        "name": "RWERE",
        "link": "None",
        "length": 7.0,
        "width": 7.800000190734863,
        "class": "National"
      }
    },
    {
      "type": "Feature",
      "geometry": {
        "type": "Point",
        "coordinates": [
          34.257061,
          1.23629
        ]
      },
      "properties": {
        "id": "B051",
        "name": "SIRONKO",
        "link": "None",
        "length": 20.0,
        "width": 10.0,
        "class": "National"
      }
    },
    {
      "type": "Feature",
      "geometry": {
        "type": "Point",
        "coordinates": [
          34.267288,
          1.24035
        ]
      },
      "properties": {
        "id": "B052",
        "name": "NALUGUGU",
        "link": "None",
        "length": 7.0,
        "width": 10.800000190734863,
        "class": "National"
      }
    },
    {
      "type": "Feature",
      "geometry": {
        "type": "Point",
        "coordinates": [
          34.287251,
          1.29864
        ]
      },
      "properties": {
        "id": "B053",
        "name": "SIMU",
        "link": "None",
        "length": 10.0,
        "width": 10.0,
        "class": "National"
      }
    },
    {
      "type": "Feature",
      "geometry": {
        "type": "Point",
        "coordinates": [
          34.296692,
          1.33472
        ]
      },
      "properties": {
        "id": "B054",
        "name": "YEMBE",
        "link": "None",
        "length": 16.0,
        "width": 8.0,
        "class": "National"
      }
    },
    {
      "type": "Feature",
      "geometry": {
        "type": "Point",
        "coordinates": [
          34.482601,
          1.40724
        ]
      },
      "properties": {
        "id": "B055",
        "name": "ATARI",
        "link": "None",
        "length": 20.0,
        "width": 15.0,
        "class": "National"
      }
    },
    {
      "type": "Feature",
      "geometry": {
        "type": "Point",
        "coordinates": [
          34.508049,
          1.40692
        ]
      },
      "properties": {
        "id": "B056",
        "name": "NGENGE",
        "link": "None",
        "length": 16.0,
        "width": 15.0,
        "class": "National"
      }
    },
    {
      "type": "Feature",
      "geometry": {
        "type": "Point",
        "coordinates": [
          34.51548,
          1.41467
        ]
      },
      "properties": {
        "id": "B057",
        "name": "EMJONG",
        "link": "None",
        "length": 18.0,
        "width": 15.0,
        "class": "National"
      }
    },
    {
      "type": "Feature",
      "geometry": {
        "type": "Point",
        "coordinates": [
          33.921436,
          1.414941
        ]
      },
      "properties": {
        "id": "B058",
        "name": "Kanyago 2",
        "link": "B305",
        "length": 6.900000095367432,
        "width": 4.340000152587891,
        "class": "National"
      }
    },
    {
      "type": "Feature",
      "geometry": {
        "type": "Point",
        "coordinates": [
          33.872002,
          1.268
        ]
      },
      "properties": {
        "id": "B059",
        "name": "Ladot",
        "link": "None",
        "length": 49.0,
        "width": 6.0,
        "class": "National"
      }
    },
    {
      "type": "Feature",
      "geometry": {
        "type": "Point",
        "coordinates": [
          33.872719,
          1.26842
        ]
      },
      "properties": {
        "id": "B060",
        "name": "KANYAGO",
        "link": "None",
        "length": 4.550000190734863,
        "width": 4.53000020980835,
        "class": "National"
      }
    },
    {
      "type": "Feature",
      "geometry": {
        "type": "Point",
        "coordinates": [
          31.19845,
          0.46901
        ]
      },
      "properties": {
        "id": "B061",
        "name": "BUYANJA",
        "link": "None",
        "length": null,
        "width": null,
        "class": "National"
      }
    },
    {
      "type": "Feature",
      "geometry": {
        "type": "Point",
        "coordinates": [
          31.346729,
          0.77879
        ]
      },
      "properties": {
        "id": "B062",
        "name": "KIBALE BRIDGE",
        "link": "None",
        "length": 21.940000534057617,
        "width": 5.0,
        "class": "National"
      }
    },
    {
      "type": "Feature",
      "geometry": {
        "type": "Point",
        "coordinates": [
          32.5215,
          0.2596
        ]
      },
      "properties": {
        "id": "B063",
        "name": "KEE B7 Overbride",
        "link": "None",
        "length": null,
        "width": null,
        "class": "National"
      }
    },
    {
      "type": "Feature",
      "geometry": {
        "type": "Point",
        "coordinates": [
          32.512402,
          0.1594
        ]
      },
      "properties": {
        "id": "B064",
        "name": "Sisa Bridge Underpass",
        "link": "None",
        "length": null,
        "width": null,
        "class": "National"
      }
    },
    {
      "type": "Feature",
      "geometry": {
        "type": "Point",
        "coordinates": [
          32.5224,
          0.2525
        ]
      },
      "properties": {
        "id": "B065",
        "name": "KEE B8 overbridge",
        "link": "None",
        "length": null,
        "width": null,
        "class": "National"
      }
    },
    {
      "type": "Feature",
      "geometry": {
        "type": "Point",
        "coordinates": [
          32.1507,
          0.1485
        ]
      },
      "properties": {
        "id": "B066",
        "name": "19+580 Over-bridge",
        "link": "None",
        "length": null,
        "width": null,
        "class": "National"
      }
    },
    {
      "type": "Feature",
      "geometry": {
        "type": "Point",
        "coordinates": [
          30.05032,
          -0.83153
        ]
      },
      "properties": {
        "id": "B067",
        "name": "KAHENGE BRIDGE",
        "link": "None",
        "length": 15.800000190734863,
        "width": 7.900000095367432,
        "class": "National"
      }
    },
    {
      "type": "Feature",
      "geometry": {
        "type": "Point",
        "coordinates": [
          30.011499,
          -0.90601
        ]
      },
      "properties": {
        "id": "B068",
        "name": "MINERA 01",
        "link": "None",
        "length": 10.600000381469727,
        "width": 4.699999809265137,
        "class": "National"
      }
    },
    {
      "type": "Feature",
      "geometry": {
        "type": "Point",
        "coordinates": [
          30.011419,
          -0.905775
        ]
      },
      "properties": {
        "id": "B069",
        "name": "MINERA 02",
        "link": "None",
        "length": 12.600000381469727,
        "width": 5.0,
        "class": "National"
      }
    },
    {
      "type": "Feature",
      "geometry": {
        "type": "Point",
        "coordinates": [
          29.870918,
          -0.313053
        ]
      },
      "properties": {
        "id": "B070",
        "name": "NYAMWIRU BRIDGE",
        "link": "None",
        "length": 18.700000762939453,
        "width": 9.869999885559082,
        "class": "National"
      }
    },
    {
      "type": "Feature",
      "geometry": {
        "type": "Point",
        "coordinates": [
          29.876026,
          -0.383601
        ]
      },
      "properties": {
        "id": "B071",
        "name": "RWEMPUNU BRIDGE",
        "link": "None",
        "length": 25.0,
        "width": 9.869999885559082,
        "class": "National"
      }
    },
    {
      "type": "Feature",
      "geometry": {
        "type": "Point",
        "coordinates": [
          29.867781,
          -0.42302
        ]
      },
      "properties": {
        "id": "B072",
        "name": "KAIZI BRIDGE",
        "link": "None",
        "length": 25.0,
        "width": 9.869999885559082,
        "class": "National"
      }
    },
    {
      "type": "Feature",
      "geometry": {
        "type": "Point",
        "coordinates": [
          29.8015,
          -0.45831
        ]
      },
      "properties": {
        "id": "B073",
        "name": "NCHWERA BRIDGE",
        "link": "None",
        "length": 30.700000762939453,
        "width": 8.600000381469727,
        "class": "National"
      }
    },
    {
      "type": "Feature",
      "geometry": {
        "type": "Point",
        "coordinates": [
          29.72377,
          -0.57484
        ]
      },
      "properties": {
        "id": "B074",
        "name": "NTUNGWE BRIDGE",
        "link": "None",
        "length": 45.599998474121094,
        "width": 10.0,
        "class": "National"
      }
    },
    {
      "type": "Feature",
      "geometry": {
        "type": "Point",
        "coordinates": [
          29.628202,
          -0.727353
        ]
      },
      "properties": {
        "id": "B075",
        "name": "ISHASHA BRIDGE",
        "link": "None",
        "length": 36.5,
        "width": 8.0,
        "class": "National"
      }
    },
    {
      "type": "Feature",
      "geometry": {
        "type": "Point",
        "coordinates": [
          30.46027,
          0.43451
        ]
      },
      "properties": {
        "id": "B076",
        "name": "NYAMUKAMBU BRIDGE",
        "link": "None",
        "length": 13.5,
        "width": 3.3399999141693115,
        "class": "National"
      }
    },
    {
      "type": "Feature",
      "geometry": {
        "type": "Point",
        "coordinates": [
          30.424589,
          0.3745
        ]
      },
      "properties": {
        "id": "B077",
        "name": "KAMIIRA BRIDGE",
        "link": "None",
        "length": 13.0,
        "width": 4.369999885559082,
        "class": "National"
      }
    },
    {
      "type": "Feature",
      "geometry": {
        "type": "Point",
        "coordinates": [
          30.458719,
          -1.05192
        ]
      },
      "properties": {
        "id": "B078",
        "name": "MIRAMA 01",
        "link": "None",
        "length": 21.700000762939453,
        "width": 12.199999809265137,
        "class": "National"
      }
    },
    {
      "type": "Feature",
      "geometry": {
        "type": "Point",
        "coordinates": [
          30.219315,
          -0.990536
        ]
      },
      "properties": {
        "id": "B079",
        "name": "KATENGURE BRIDGE",
        "link": "None",
        "length": 8.300000190734863,
        "width": 4.5,
        "class": "National"
      }
    },
    {
      "type": "Feature",
      "geometry": {
        "type": "Point",
        "coordinates": [
          30.07723,
          -0.33364
        ]
      },
      "properties": {
        "id": "B080",
        "name": "MUBUKU BRIDGE",
        "link": "None",
        "length": 19.0,
        "width": 5.400000095367432,
        "class": "National"
      }
    },
    {
      "type": "Feature",
      "geometry": {
        "type": "Point",
        "coordinates": [
          30.012709,
          -0.197898
        ]
      },
      "properties": {
        "id": "B081",
        "name": "KILEMBE  BRIDGE",
        "link": "None",
        "length": 20.0,
        "width": 10.050000190734863,
        "class": "National"
      }
    },
    {
      "type": "Feature",
      "geometry": {
        "type": "Point",
        "coordinates": [
          29.857031,
          -0.04609
        ]
      },
      "properties": {
        "id": "B082",
        "name": "KANYAMPALA BRIDGE",
        "link": "None",
        "length": 15.199999809265137,
        "width": 4.0,
        "class": "National"
      }
    },
    {
      "type": "Feature",
      "geometry": {
        "type": "Point",
        "coordinates": [
          32.523499,
          0.2324
        ]
      },
      "properties": {
        "id": "B083",
        "name": "KEE B9 Overbridge",
        "link": "None",
        "length": null,
        "width": null,
        "class": "National"
      }
    },
    {
      "type": "Feature",
      "geometry": {
        "type": "Point",
        "coordinates": [
          32.510399,
          0.1452
        ]
      },
      "properties": {
        "id": "B084",
        "name": "Ziru overbridge",
        "link": "None",
        "length": null,
        "width": null,
        "class": "National"
      }
    },
    {
      "type": "Feature",
      "geometry": {
        "type": "Point",
        "coordinates": [
          29.84318,
          -0.12346
        ]
      },
      "properties": {
        "id": "B085",
        "name": "NYAMUGASANI BRIDGE",
        "link": "None",
        "length": 25.200000762939453,
        "width": 3.799999952316284,
        "class": "National"
      }
    },
    {
      "type": "Feature",
      "geometry": {
        "type": "Point",
        "coordinates": [
          32.5313,
          0.2153
        ]
      },
      "properties": {
        "id": "B086",
        "name": "Kajjansi interchange KEE B10",
        "link": "None",
        "length": null,
        "width": null,
        "class": "National"
      }
    },
    {
      "type": "Feature",
      "geometry": {
        "type": "Point",
        "coordinates": [
          30.363371,
          0.93501
        ]
      },
      "properties": {
        "id": "B087",
        "name": "WASSA",
        "link": "None",
        "length": 19.799999237060547,
        "width": 3.069999933242798,
        "class": "National"
      }
    },
    {
      "type": "Feature",
      "geometry": {
        "type": "Point",
        "coordinates": [
          30.49469,
          0.88128
        ]
      },
      "properties": {
        "id": "B088",
        "name": "SOGOHA",
        "link": "None",
        "length": 30.0,
        "width": 4.900000095367432,
        "class": "National"
      }
    },
    {
      "type": "Feature",
      "geometry": {
        "type": "Point",
        "coordinates": [
          31.475267,
          1.99229
        ]
      },
      "properties": {
        "id": "B089",
        "name": "WAIGA",
        "link": "None",
        "length": 38.400001525878906,
        "width": 14.5,
        "class": "National"
      }
    },
    {
      "type": "Feature",
      "geometry": {
        "type": "Point",
        "coordinates": [
          31.71674,
          2.05924
        ]
      },
      "properties": {
        "id": "B090",
        "name": "WAIGA",
        "link": "None",
        "length": 36.0,
        "width": 10.0,
        "class": "National"
      }
    },
    {
      "type": "Feature",
      "geometry": {
        "type": "Point",
        "coordinates": [
          31.71604,
          2.09726
        ]
      },
      "properties": {
        "id": "B091",
        "name": "WARINGO",
        "link": "None",
        "length": 18.0,
        "width": 10.0,
        "class": "National"
      }
    },
    {
      "type": "Feature",
      "geometry": {
        "type": "Point",
        "coordinates": [
          31.7062,
          2.14857
        ]
      },
      "properties": {
        "id": "B092",
        "name": "ZOLEYA",
        "link": "None",
        "length": 36.0,
        "width": 10.0,
        "class": "National"
      }
    },
    {
      "type": "Feature",
      "geometry": {
        "type": "Point",
        "coordinates": [
          31.697069,
          2.17821
        ]
      },
      "properties": {
        "id": "B093",
        "name": "SAMBIYA",
        "link": "None",
        "length": 5.199999809265137,
        "width": 10.0,
        "class": "National"
      }
    },
    {
      "type": "Feature",
      "geometry": {
        "type": "Point",
        "coordinates": [
          34.158821,
          0.70289
        ]
      },
      "properties": {
        "id": "B094",
        "name": "ATURUKURU",
        "link": "None",
        "length": 6.5,
        "width": 8.5,
        "class": "National"
      }
    },
    {
      "type": "Feature",
      "geometry": {
        "type": "Point",
        "coordinates": [
          34.118549,
          0.72214
        ]
      },
      "properties": {
        "id": "B095",
        "name": "PAKAMU",
        "link": "None",
        "length": 3.200000047683716,
        "width": 5.0,
        "class": "National"
      }
    },
    {
      "type": "Feature",
      "geometry": {
        "type": "Point",
        "coordinates": [
          34.042061,
          0.76043
        ]
      },
      "properties": {
        "id": "B096",
        "name": "MAHANGA",
        "link": "None",
        "length": 5.800000190734863,
        "width": 5.0,
        "class": "National"
      }
    },
    {
      "type": "Feature",
      "geometry": {
        "type": "Point",
        "coordinates": [
          33.996181,
          0.93139
        ]
      },
      "properties": {
        "id": "B097",
        "name": "NAKULUMUTU",
        "link": "None",
        "length": 4.5,
        "width": 4.0,
        "class": "National"
      }
    },
    {
      "type": "Feature",
      "geometry": {
        "type": "Point",
        "coordinates": [
          33.99501,
          0.9305
        ]
      },
      "properties": {
        "id": "B098",
        "name": "NKOLA",
        "link": "None",
        "length": 7.5,
        "width": 3.5999999046325684,
        "class": "National"
      }
    },
    {
      "type": "Feature",
      "geometry": {
        "type": "Point",
        "coordinates": [
          33.935452,
          0.85453
        ]
      },
      "properties": {
        "id": "B099",
        "name": "NAKWAZI",
        "link": "None",
        "length": 5.0,
        "width": 4.599999904632568,
        "class": "National"
      }
    },
    {
      "type": "Feature",
      "geometry": {
        "type": "Point",
        "coordinates": [
          33.789551,
          0.82721
        ]
      },
      "properties": {
        "id": "B100",
        "name": "BUDUMBBA",
        "link": "None",
        "length": 101.5,
        "width": 3.299999952316284,
        "class": "National"
      }
    },
    {
      "type": "Feature",
      "geometry": {
        "type": "Point",
        "coordinates": [
          34.318451,
          1.19068
        ]
      },
      "properties": {
        "id": "B101",
        "name": "MIWU",
        "link": "None",
        "length": 4.0,
        "width": 4.199999809265137,
        "class": "National"
      }
    },
    {
      "type": "Feature",
      "geometry": {
        "type": "Point",
        "coordinates": [
          34.32291,
          1.18582
        ]
      },
      "properties": {
        "id": "B102",
        "name": "SIRONKO",
        "link": "None",
        "length": 20.0,
        "width": 8.0,
        "class": "National"
      }
    },
    {
      "type": "Feature",
      "geometry": {
        "type": "Point",
        "coordinates": [
          34.343941,
          1.16501
        ]
      },
      "properties": {
        "id": "B103",
        "name": "KADO",
        "link": "None",
        "length": 7.0,
        "width": 9.100000381469727,
        "class": "National"
      }
    },
    {
      "type": "Feature",
      "geometry": {
        "type": "Point",
        "coordinates": [
          34.299999,
          1.1602
        ]
      },
      "properties": {
        "id": "B104",
        "name": "SONOLI",
        "link": "None",
        "length": 6.5,
        "width": 7.800000190734863,
        "class": "National"
      }
    },
    {
      "type": "Feature",
      "geometry": {
        "type": "Point",
        "coordinates": [
          34.18692,
          1.07785
        ]
      },
      "properties": {
        "id": "B105",
        "name": "NAMATSU",
        "link": "None",
        "length": 7.0,
        "width": 9.5,
        "class": "National"
      }
    },
    {
      "type": "Feature",
      "geometry": {
        "type": "Point",
        "coordinates": [
          34.241241,
          1.06059
        ]
      },
      "properties": {
        "id": "B106",
        "name": "KIGEZI",
        "link": "None",
        "length": 5.0,
        "width": 4.5,
        "class": "National"
      }
    },
    {
      "type": "Feature",
      "geometry": {
        "type": "Point",
        "coordinates": [
          34.874741,
          0.81193
        ]
      },
      "properties": {
        "id": "B107",
        "name": "NAMIKHOMA",
        "link": "None",
        "length": 12.0,
        "width": 11.600000381469727,
        "class": "National"
      }
    },
    {
      "type": "Feature",
      "geometry": {
        "type": "Point",
        "coordinates": [
          34.285881,
          0.95722
        ]
      },
      "properties": {
        "id": "B108",
        "name": "PASA",
        "link": "None",
        "length": 8.0,
        "width": 8.0,
        "class": "National"
      }
    },
    {
      "type": "Feature",
      "geometry": {
        "type": "Point",
        "coordinates": [
          34.33168,
          0.99758
        ]
      },
      "properties": {
        "id": "B109",
        "name": "TSUTSU",
        "link": "None",
        "length": 8.0,
        "width": 7.800000190734863,
        "class": "National"
      }
    },
    {
      "type": "Feature",
      "geometry": {
        "type": "Point",
        "coordinates": [
          34.369579,
          1.00816
        ]
      },
      "properties": {
        "id": "B110",
        "name": "Manafa",
        "link": "None",
        "length": null,
        "width": null,
        "class": "National"
      }
    },
    {
      "type": "Feature",
      "geometry": {
        "type": "Point",
        "coordinates": [
          34.361641,
          1.003715
        ]
      },
      "properties": {
        "id": "B111",
        "name": "Manafwa",
        "link": "C867",
        "length": 20.399999618530273,
        "width": 7.699999809265137,
        "class": "National"
      }
    },
    {
      "type": "Feature",
      "geometry": {
        "type": "Point",
        "coordinates": [
          34.280281,
          0.94066
        ]
      },
      "properties": {
        "id": "B112",
        "name": "MANAFA",
        "link": "None",
        "length": 24.0,
        "width": 11.600000381469727,
        "class": "National"
      }
    },
    {
      "type": "Feature",
      "geometry": {
        "type": "Point",
        "coordinates": [
          34.34417,
          0.81437
        ]
      },
      "properties": {
        "id": "B113",
        "name": "NAMUNYIRI",
        "link": "None",
        "length": 12.0,
        "width": 11.600000381469727,
        "class": "National"
      }
    },
    {
      "type": "Feature",
      "geometry": {
        "type": "Point",
        "coordinates": [
          34.328812,
          1.308
        ]
      },
      "properties": {
        "id": "B114",
        "name": "MBIGI",
        "link": "None",
        "length": 16.0,
        "width": 8.0,
        "class": "National"
      }
    },
    {
      "type": "Feature",
      "geometry": {
        "type": "Point",
        "coordinates": [
          33.699699,
          1.46854
        ]
      },
      "properties": {
        "id": "B115",
        "name": "KUMI",
        "link": "None",
        "length": 31.5,
        "width": 4.300000190734863,
        "class": "National"
      }
    },
    {
      "type": "Feature",
      "geometry": {
        "type": "Point",
        "coordinates": [
          33.654381,
          1.45332
        ]
      },
      "properties": {
        "id": "B116",
        "name": "ABUKET",
        "link": "None",
        "length": 24.0,
        "width": 7.400000095367432,
        "class": "National"
      }
    },
    {
      "type": "Feature",
      "geometry": {
        "type": "Point",
        "coordinates": [
          32.33297,
          2.624604
        ]
      },
      "properties": {
        "id": "B117",
        "name": "TOCHI BRIDGE",
        "link": "None",
        "length": 18.899999618530273,
        "width": 9.800000190734863,
        "class": "National"
      }
    },
    {
      "type": "Feature",
      "geometry": {
        "type": "Point",
        "coordinates": [
          32.072166,
          3.569871
        ]
      },
      "properties": {
        "id": "B118",
        "name": "Unyama",
        "link": "A006",
        "length": 36.439998626708984,
        "width": 4.949999809265137,
        "class": "National"
      }
    },
    {
      "type": "Feature",
      "geometry": {
        "type": "Point",
        "coordinates": [
          30.905371,
          3.090026
        ]
      },
      "properties": {
        "id": "B119",
        "name": "ENYAU BRIDGE",
        "link": "None",
        "length": 21.600000381469727,
        "width": 10.800000190734863,
        "class": "National"
      }
    },
    {
      "type": "Feature",
      "geometry": {
        "type": "Point",
        "coordinates": [
          30.90546,
          3.15209
        ]
      },
      "properties": {
        "id": "B120",
        "name": "ENVE",
        "link": "None",
        "length": 20.5,
        "width": 10.800000190734863,
        "class": "National"
      }
    },
    {
      "type": "Feature",
      "geometry": {
        "type": "Point",
        "coordinates": [
          30.933994,
          3.188831
        ]
      },
      "properties": {
        "id": "B121",
        "name": "OLUFFE",
        "link": "None",
        "length": 22.0,
        "width": 10.699999809265137,
        "class": "National"
      }
    },
    {
      "type": "Feature",
      "geometry": {
        "type": "Point",
        "coordinates": [
          30.943035,
          3.255021
        ]
      },
      "properties": {
        "id": "B122",
        "name": "AYI BRIDGE",
        "link": "None",
        "length": 20.299999237060547,
        "width": 10.699999809265137,
        "class": "National"
      }
    },
    {
      "type": "Feature",
      "geometry": {
        "type": "Point",
        "coordinates": [
          30.948389,
          3.326374
        ]
      },
      "properties": {
        "id": "B123",
        "name": "YOO",
        "link": "None",
        "length": 17.299999237060547,
        "width": 10.699999809265137,
        "class": "National"
      }
    },
    {
      "type": "Feature",
      "geometry": {
        "type": "Point",
        "coordinates": [
          30.95351,
          3.333611
        ]
      },
      "properties": {
        "id": "B124",
        "name": "ORU BRIDGE",
        "link": "None",
        "length": 24.299999237060547,
        "width": 10.699999809265137,
        "class": "National"
      }
    },
    {
      "type": "Feature",
      "geometry": {
        "type": "Point",
        "coordinates": [
          30.956715,
          3.396792
        ]
      },
      "properties": {
        "id": "B125",
        "name": "APA BRIDGE",
        "link": "None",
        "length": 17.100000381469727,
        "width": 10.800000190734863,
        "class": "National"
      }
    },
    {
      "type": "Feature",
      "geometry": {
        "type": "Point",
        "coordinates": [
          30.960333,
          3.442961
        ]
      },
      "properties": {
        "id": "B126",
        "name": "KOCHI BRIDGE",
        "link": "None",
        "length": 14.899999618530273,
        "width": 10.75,
        "class": "National"
      }
    },
    {
      "type": "Feature",
      "geometry": {
        "type": "Point",
        "coordinates": [
          32.041069,
          3.348225
        ]
      },
      "properties": {
        "id": "B127",
        "name": "AYUGI BRIDGE",
        "link": "None",
        "length": 43.20000076293945,
        "width": 11.100000381469727,
        "class": "National"
      }
    },
    {
      "type": "Feature",
      "geometry": {
        "type": "Point",
        "coordinates": [
          32.104,
          3.271
        ]
      },
      "properties": {
        "id": "B128",
        "name": "Eyiagwea",
        "link": "None",
        "length": 7.5,
        "width": 3.6500000953674316,
        "class": "National"
      }
    },
    {
      "type": "Feature",
      "geometry": {
        "type": "Point",
        "coordinates": [
          31.993473,
          3.377563
        ]
      },
      "properties": {
        "id": "B129",
        "name": "ERIA BRIDGE",
        "link": "None",
        "length": 37.25,
        "width": 11.050000190734863,
        "class": "National"
      }
    },
    {
      "type": "Feature",
      "geometry": {
        "type": "Point",
        "coordinates": [
          31.974001,
          3.392
        ]
      },
      "properties": {
        "id": "B130",
        "name": "Surumu",
        "link": "None",
        "length": 6.849999904632568,
        "width": 3.450000047683716,
        "class": "National"
      }
    },
    {
      "type": "Feature",
      "geometry": {
        "type": "Point",
        "coordinates": [
          32.084,
          3.295
        ]
      },
      "properties": {
        "id": "B131",
        "name": "Cala",
        "link": "None",
        "length": 14.0,
        "width": 3.450000047683716,
        "class": "National"
      }
    },
    {
      "type": "Feature",
      "geometry": {
        "type": "Point",
        "coordinates": [
          32.5313,
          0.1266
        ]
      },
      "properties": {
        "id": "B132",
        "name": "Kajjansi interchange KEE B11",
        "link": "B250",
        "length": null,
        "width": null,
        "class": "National"
      }
    },
    {
      "type": "Feature",
      "geometry": {
        "type": "Point",
        "coordinates": [
          32.511398,
          0.1266
        ]
      },
      "properties": {
        "id": "B133",
        "name": "Nabigirwa Bridge 1",
        "link": "B250",
        "length": null,
        "width": null,
        "class": "National"
      }
    },
    {
      "type": "Feature",
      "geometry": {
        "type": "Point",
        "coordinates": [
          31.571014,
          3.580359
        ]
      },
      "properties": {
        "id": "B134",
        "name": "YII BRIDGE",
        "link": "None",
        "length": 7.650000095367432,
        "width": 3.5999999046325684,
        "class": "National"
      }
    },
    {
      "type": "Feature",
      "geometry": {
        "type": "Point",
        "coordinates": [
          31.481871,
          3.575433
        ]
      },
      "properties": {
        "id": "B135",
        "name": "NYAWA",
        "link": "None",
        "length": 36.0,
        "width": 8.600000381469727,
        "class": "National"
      }
    },
    {
      "type": "Feature",
      "geometry": {
        "type": "Point",
        "coordinates": [
          31.438583,
          3.559625
        ]
      },
      "properties": {
        "id": "B136",
        "name": "KOCHI",
        "link": "None",
        "length": 37.5,
        "width": 8.630000114440918,
        "class": "National"
      }
    },
    {
      "type": "Feature",
      "geometry": {
        "type": "Point",
        "coordinates": [
          31.2775,
          3.38139
        ]
      },
      "properties": {
        "id": "B137",
        "name": "JURE",
        "link": "None",
        "length": 7.5,
        "width": 4.0,
        "class": "National"
      }
    },
    {
      "type": "Feature",
      "geometry": {
        "type": "Point",
        "coordinates": [
          31.262203,
          3.362382
        ]
      },
      "properties": {
        "id": "B138",
        "name": "DACHA",
        "link": "None",
        "length": 11.699999809265137,
        "width": 8.699999809265137,
        "class": "National"
      }
    },
    {
      "type": "Feature",
      "geometry": {
        "type": "Point",
        "coordinates": [
          31.203848,
          3.337053
        ]
      },
      "properties": {
        "id": "B139",
        "name": "ORE BRIDGE",
        "link": "None",
        "length": 11.470000267028809,
        "width": 8.699999809265137,
        "class": "National"
      }
    },
    {
      "type": "Feature",
      "geometry": {
        "type": "Point",
        "coordinates": [
          31.164,
          3.288
        ]
      },
      "properties": {
        "id": "B140",
        "name": "Ozoro",
        "link": "None",
        "length": 3.4000000953674316,
        "width": 3.4000000953674316,
        "class": "National"
      }
    },
    {
      "type": "Feature",
      "geometry": {
        "type": "Point",
        "coordinates": [
          31.15,
          3.279
        ]
      },
      "properties": {
        "id": "B141",
        "name": "Nvetre",
        "link": "None",
        "length": 3.200000047683716,
        "width": 3.200000047683716,
        "class": "National"
      }
    },
    {
      "type": "Feature",
      "geometry": {
        "type": "Point",
        "coordinates": [
          31.135326,
          3.265765
        ]
      },
      "properties": {
        "id": "B142",
        "name": "ORU BRIDGE",
        "link": "None",
        "length": 33.93000030517578,
        "width": 3.6500000953674316,
        "class": "National"
      }
    },
    {
      "type": "Feature",
      "geometry": {
        "type": "Point",
        "coordinates": [
          31.124056,
          3.252225
        ]
      },
      "properties": {
        "id": "B143",
        "name": "ENYAWU BRIDGE",
        "link": "None",
        "length": 33.560001373291016,
        "width": 4.199999809265137,
        "class": "National"
      }
    },
    {
      "type": "Feature",
      "geometry": {
        "type": "Point",
        "coordinates": [
          32.055302,
          2.617902
        ]
      },
      "properties": {
        "id": "B144",
        "name": "AYAGO BRIDGE",
        "link": "None",
        "length": 19.0,
        "width": 11.600000381469727,
        "class": "National"
      }
    },
    {
      "type": "Feature",
      "geometry": {
        "type": "Point",
        "coordinates": [
          31.996092,
          2.416902
        ]
      },
      "properties": {
        "id": "B145",
        "name": "AYAGO BRIDGE",
        "link": "None",
        "length": 32.380001068115234,
        "width": 7.5,
        "class": "National"
      }
    },
    {
      "type": "Feature",
      "geometry": {
        "type": "Point",
        "coordinates": [
          31.92931,
          2.58932
        ]
      },
      "properties": {
        "id": "B146",
        "name": "AKAKU",
        "link": "None",
        "length": 11.699999809265137,
        "width": 7.599999904632568,
        "class": "National"
      }
    },
    {
      "type": "Feature",
      "geometry": {
        "type": "Point",
        "coordinates": [
          32.932499,
          2.55183
        ]
      },
      "properties": {
        "id": "B147",
        "name": "ITUNGA BRIDGE",
        "link": "None",
        "length": 7.300000190734863,
        "width": 7.920000076293945,
        "class": "National"
      }
    },
    {
      "type": "Feature",
      "geometry": {
        "type": "Point",
        "coordinates": [
          32.936661,
          2.60644
        ]
      },
      "properties": {
        "id": "B148",
        "name": "PURANGA BRIDGE",
        "link": "None",
        "length": 57.0,
        "width": 11.630000114440918,
        "class": "National"
      }
    },
    {
      "type": "Feature",
      "geometry": {
        "type": "Point",
        "coordinates": [
          32.949791,
          2.73759
        ]
      },
      "properties": {
        "id": "B149",
        "name": "ATUP BRIDGE",
        "link": "None",
        "length": 8.300000190734863,
        "width": 7.949999809265137,
        "class": "National"
      }
    },
    {
      "type": "Feature",
      "geometry": {
        "type": "Point",
        "coordinates": [
          32.962421,
          2.82143
        ]
      },
      "properties": {
        "id": "B150",
        "name": "AGORA BRIDGE",
        "link": "None",
        "length": 4.820000171661377,
        "width": 8.029999732971191,
        "class": "National"
      }
    },
    {
      "type": "Feature",
      "geometry": {
        "type": "Point",
        "coordinates": [
          32.964451,
          2.83984
        ]
      },
      "properties": {
        "id": "B151",
        "name": "AGAGO BRIDGE",
        "link": "None",
        "length": 30.450000762939453,
        "width": 8.0,
        "class": "National"
      }
    },
    {
      "type": "Feature",
      "geometry": {
        "type": "Point",
        "coordinates": [
          32.914001,
          3.146
        ]
      },
      "properties": {
        "id": "B152",
        "name": "Acholibur Bridge",
        "link": "None",
        "length": 4.400000095367432,
        "width": 7.900000095367432,
        "class": "National"
      }
    },
    {
      "type": "Feature",
      "geometry": {
        "type": "Point",
        "coordinates": [
          32.925999,
          3.211
        ]
      },
      "properties": {
        "id": "B153",
        "name": "Dure Bridge",
        "link": "None",
        "length": 5.400000095367432,
        "width": 7.900000095367432,
        "class": "National"
      }
    },
    {
      "type": "Feature",
      "geometry": {
        "type": "Point",
        "coordinates": [
          32.879749,
          3.30085
        ]
      },
      "properties": {
        "id": "B154",
        "name": "PAGER BRIDGE",
        "link": "None",
        "length": 56.04999923706055,
        "width": 15.0,
        "class": "National"
      }
    },
    {
      "type": "Feature",
      "geometry": {
        "type": "Point",
        "coordinates": [
          32.958,
          3.367
        ]
      },
      "properties": {
        "id": "B155",
        "name": "Lanyang Bridge",
        "link": "None",
        "length": 14.199999809265137,
        "width": 4.650000095367432,
        "class": "National"
      }
    },
    {
      "type": "Feature",
      "geometry": {
        "type": "Point",
        "coordinates": [
          33.004631,
          3.396599
        ]
      },
      "properties": {
        "id": "B156",
        "name": "ARINGA BRIDGE",
        "link": "None",
        "length": 37.400001525878906,
        "width": 11.600000381469727,
        "class": "National"
      }
    },
    {
      "type": "Feature",
      "geometry": {
        "type": "Point",
        "coordinates": [
          33.035999,
          3.438
        ]
      },
      "properties": {
        "id": "B157",
        "name": "Agwapoke",
        "link": "None",
        "length": null,
        "width": null,
        "class": "National"
      }
    },
    {
      "type": "Feature",
      "geometry": {
        "type": "Point",
        "coordinates": [
          34.314331,
          1.38248
        ]
      },
      "properties": {
        "id": "B158",
        "name": "SIPI",
        "link": "None",
        "length": 8.0,
        "width": 4.5,
        "class": "National"
      }
    },
    {
      "type": "Feature",
      "geometry": {
        "type": "Point",
        "coordinates": [
          34.3442,
          1.40637
        ]
      },
      "properties": {
        "id": "B159",
        "name": "CHEPTUI",
        "link": "None",
        "length": 21.0,
        "width": 5.5,
        "class": "National"
      }
    },
    {
      "type": "Feature",
      "geometry": {
        "type": "Point",
        "coordinates": [
          34.34967,
          1.41471
        ]
      },
      "properties": {
        "id": "B160",
        "name": "CHESEBERE",
        "link": "None",
        "length": 5.0,
        "width": 9.0,
        "class": "National"
      }
    },
    {
      "type": "Feature",
      "geometry": {
        "type": "Point",
        "coordinates": [
          34.40419,
          1.47082
        ]
      },
      "properties": {
        "id": "B161",
        "name": "MUYEMBE-ANGUTUM",
        "link": "None",
        "length": 12.0,
        "width": 8.0,
        "class": "National"
      }
    },
    {
      "type": "Feature",
      "geometry": {
        "type": "Point",
        "coordinates": [
          34.444229,
          1.50021
        ]
      },
      "properties": {
        "id": "B162",
        "name": "ROAD OVER RIVER",
        "link": "None",
        "length": 7.0,
        "width": 7.599999904632568,
        "class": "National"
      }
    },
    {
      "type": "Feature",
      "geometry": {
        "type": "Point",
        "coordinates": [
          34.49395,
          1.53895
        ]
      },
      "properties": {
        "id": "B163",
        "name": "SERETYO",
        "link": "None",
        "length": 20.0,
        "width": 11.399999618530273,
        "class": "National"
      }
    },
    {
      "type": "Feature",
      "geometry": {
        "type": "Point",
        "coordinates": [
          34.543621,
          1.59842
        ]
      },
      "properties": {
        "id": "B164",
        "name": "OKILIM",
        "link": "None",
        "length": 24.700000762939453,
        "width": 20.0,
        "class": "National"
      }
    },
    {
      "type": "Feature",
      "geometry": {
        "type": "Point",
        "coordinates": [
          34.580502,
          2.35148
        ]
      },
      "properties": {
        "id": "B165",
        "name": "LORENGEDWAT",
        "link": "None",
        "length": 49.0,
        "width": 11.0,
        "class": "National"
      }
    },
    {
      "type": "Feature",
      "geometry": {
        "type": "Point",
        "coordinates": [
          34.57373,
          2.40346
        ]
      },
      "properties": {
        "id": "B166",
        "name": "NAMALERA",
        "link": "None",
        "length": 25.0,
        "width": 11.0,
        "class": "National"
      }
    },
    {
      "type": "Feature",
      "geometry": {
        "type": "Point",
        "coordinates": [
          34.571831,
          2.44495
        ]
      },
      "properties": {
        "id": "B167",
        "name": "LOKALI",
        "link": "None",
        "length": 25.0,
        "width": 11.0,
        "class": "National"
      }
    },
    {
      "type": "Feature",
      "geometry": {
        "type": "Point",
        "coordinates": [
          34.592621,
          2.51141
        ]
      },
      "properties": {
        "id": "B168",
        "name": "NADUNGET",
        "link": "None",
        "length": 25.0,
        "width": 11.0,
        "class": "National"
      }
    },
    {
      "type": "Feature",
      "geometry": {
        "type": "Point",
        "coordinates": [
          34.333889,
          2.57909
        ]
      },
      "properties": {
        "id": "B169",
        "name": "LOKICHAR",
        "link": "None",
        "length": 21.799999237060547,
        "width": 5.980000019073486,
        "class": "National"
      }
    },
    {
      "type": "Feature",
      "geometry": {
        "type": "Point",
        "coordinates": [
          34.11483,
          2.97246
        ]
      },
      "properties": {
        "id": "B170",
        "name": "DANYANGALA",
        "link": "None",
        "length": 31.0,
        "width": 4.800000190734863,
        "class": "National"
      }
    },
    {
      "type": "Feature",
      "geometry": {
        "type": "Point",
        "coordinates": [
          34.09211,
          2.99582
        ]
      },
      "properties": {
        "id": "B171",
        "name": "KOTIDO- KAILONG",
        "link": "None",
        "length": 18.799999237060547,
        "width": 4.5,
        "class": "National"
      }
    },
    {
      "type": "Feature",
      "geometry": {
        "type": "Point",
        "coordinates": [
          34.118771,
          3.3311
        ]
      },
      "properties": {
        "id": "B172",
        "name": "KATULANGOLE",
        "link": "None",
        "length": 21.5,
        "width": 4.5,
        "class": "National"
      }
    },
    {
      "type": "Feature",
      "geometry": {
        "type": "Point",
        "coordinates": [
          34.144859,
          3.43824
        ]
      },
      "properties": {
        "id": "B173",
        "name": "LOCHOM",
        "link": "None",
        "length": 15.800000190734863,
        "width": 4.5,
        "class": "National"
      }
    },
    {
      "type": "Feature",
      "geometry": {
        "type": "Point",
        "coordinates": [
          34.165779,
          3.49903
        ]
      },
      "properties": {
        "id": "B174",
        "name": "LOMUSAN",
        "link": "None",
        "length": 15.600000381469727,
        "width": 4.5,
        "class": "National"
      }
    },
    {
      "type": "Feature",
      "geometry": {
        "type": "Point",
        "coordinates": [
          34.12896,
          3.52005
        ]
      },
      "properties": {
        "id": "B175",
        "name": "KAABONG",
        "link": "None",
        "length": 40.0,
        "width": 10.399999618530273,
        "class": "National"
      }
    },
    {
      "type": "Feature",
      "geometry": {
        "type": "Point",
        "coordinates": [
          34.088291,
          3.62877
        ]
      },
      "properties": {
        "id": "B176",
        "name": "LAKAPELOT",
        "link": "None",
        "length": 15.0,
        "width": 4.5,
        "class": "National"
      }
    },
    {
      "type": "Feature",
      "geometry": {
        "type": "Point",
        "coordinates": [
          34.074718,
          3.64267
        ]
      },
      "properties": {
        "id": "B177",
        "name": "YADALALA",
        "link": "None",
        "length": 15.0,
        "width": 4.5,
        "class": "National"
      }
    },
    {
      "type": "Feature",
      "geometry": {
        "type": "Point",
        "coordinates": [
          34.036449,
          3.64615
        ]
      },
      "properties": {
        "id": "B178",
        "name": "NARIAMABUNE",
        "link": "None",
        "length": 16.0,
        "width": 10.5,
        "class": "National"
      }
    },
    {
      "type": "Feature",
      "geometry": {
        "type": "Point",
        "coordinates": [
          33.75135,
          2.82157
        ]
      },
      "properties": {
        "id": "B179",
        "name": "LOYOROIT",
        "link": "None",
        "length": 27.0,
        "width": 5.0,
        "class": "National"
      }
    },
    {
      "type": "Feature",
      "geometry": {
        "type": "Point",
        "coordinates": [
          33.348999,
          2.755
        ]
      },
      "properties": {
        "id": "B180",
        "name": "Agago Bridge",
        "link": "None",
        "length": 14.699999809265137,
        "width": 3.450000047683716,
        "class": "National"
      }
    },
    {
      "type": "Feature",
      "geometry": {
        "type": "Point",
        "coordinates": [
          33.063862,
          2.80604
        ]
      },
      "properties": {
        "id": "B181",
        "name": "OTAKA BRIDGE",
        "link": "None",
        "length": 46.56999969482422,
        "width": 10.039999961853027,
        "class": "National"
      }
    },
    {
      "type": "Feature",
      "geometry": {
        "type": "Point",
        "coordinates": [
          33.847889,
          1.85869
        ]
      },
      "properties": {
        "id": "B182",
        "name": "KOMOLO",
        "link": "None",
        "length": 78.0,
        "width": 11.0,
        "class": "National"
      }
    },
    {
      "type": "Feature",
      "geometry": {
        "type": "Point",
        "coordinates": [
          33.864201,
          1.86417
        ]
      },
      "properties": {
        "id": "B183",
        "name": "GETOM",
        "link": "None",
        "length": 21.799999237060547,
        "width": 5.800000190734863,
        "class": "National"
      }
    },
    {
      "type": "Feature",
      "geometry": {
        "type": "Point",
        "coordinates": [
          34.478359,
          2.43725
        ]
      },
      "properties": {
        "id": "B184",
        "name": "AKANGOLE",
        "link": "None",
        "length": 78.0,
        "width": 18.799999237060547,
        "class": "National"
      }
    },
    {
      "type": "Feature",
      "geometry": {
        "type": "Point",
        "coordinates": [
          33.220798,
          2.37072
        ]
      },
      "properties": {
        "id": "B185",
        "name": "Apak Bridge",
        "link": "C650",
        "length": 5.5,
        "width": 5.5,
        "class": "National"
      }
    },
    {
      "type": "Feature",
      "geometry": {
        "type": "Point",
        "coordinates": [
          33.220791,
          2.37072
        ]
      },
      "properties": {
        "id": "B186",
        "name": "APAK BRIDGE",
        "link": "None",
        "length": 40.36000061035156,
        "width": 9.710000038146973,
        "class": "National"
      }
    },
    {
      "type": "Feature",
      "geometry": {
        "type": "Point",
        "coordinates": [
          32.40358,
          2.524747
        ]
      },
      "properties": {
        "id": "B187",
        "name": "TOCHI (AWOL) BRIDGE",
        "link": "None",
        "length": 26.649999618530273,
        "width": 11.170000076293945,
        "class": "National"
      }
    },
    {
      "type": "Feature",
      "geometry": {
        "type": "Point",
        "coordinates": [
          32.739159,
          2.68018
        ]
      },
      "properties": {
        "id": "B188",
        "name": "ODEK",
        "link": "C680",
        "length": 5.900000095367432,
        "width": 4.0,
        "class": "National"
      }
    },
    {
      "type": "Feature",
      "geometry": {
        "type": "Point",
        "coordinates": [
          32.786407,
          2.687393
        ]
      },
      "properties": {
        "id": "B189",
        "name": "AWERE BRIDGE",
        "link": "None",
        "length": 49.400001525878906,
        "width": 6.800000190734863,
        "class": "National"
      }
    },
    {
      "type": "Feature",
      "geometry": {
        "type": "Point",
        "coordinates": [
          32.841999,
          3.081
        ]
      },
      "properties": {
        "id": "B190",
        "name": "Atika Bridge",
        "link": "None",
        "length": 5.5,
        "width": 5.130000114440918,
        "class": "National"
      }
    },
    {
      "type": "Feature",
      "geometry": {
        "type": "Point",
        "coordinates": [
          32.784,
          3.046
        ]
      },
      "properties": {
        "id": "B191",
        "name": "Ogeng Bridge",
        "link": "None",
        "length": null,
        "width": null,
        "class": "National"
      }
    },
    {
      "type": "Feature",
      "geometry": {
        "type": "Point",
        "coordinates": [
          32.76746,
          3.030654
        ]
      },
      "properties": {
        "id": "B192",
        "name": "AJAN BRIDGE",
        "link": "None",
        "length": 38.79999923706055,
        "width": 11.699999809265137,
        "class": "National"
      }
    },
    {
      "type": "Feature",
      "geometry": {
        "type": "Point",
        "coordinates": [
          32.756001,
          3.019
        ]
      },
      "properties": {
        "id": "B193",
        "name": "Atanga Bridge",
        "link": "None",
        "length": null,
        "width": null,
        "class": "National"
      }
    },
    {
      "type": "Feature",
      "geometry": {
        "type": "Point",
        "coordinates": [
          32.345001,
          2.821
        ]
      },
      "properties": {
        "id": "B194",
        "name": "Unyama",
        "link": "None",
        "length": null,
        "width": null,
        "class": "National"
      }
    },
    {
      "type": "Feature",
      "geometry": {
        "type": "Point",
        "coordinates": [
          32.581944,
          2.957123
        ]
      },
      "properties": {
        "id": "B195",
        "name": "ASWA BRIDGE",
        "link": "None",
        "length": 61.099998474121094,
        "width": 10.600000381469727,
        "class": "National"
      }
    },
    {
      "type": "Feature",
      "geometry": {
        "type": "Point",
        "coordinates": [
          32.288567,
          2.955103
        ]
      },
      "properties": {
        "id": "B196",
        "name": "UNYAMA BRIDGE",
        "link": "None",
        "length": 13.5,
        "width": 4.199999809265137,
        "class": "National"
      }
    },
    {
      "type": "Feature",
      "geometry": {
        "type": "Point",
        "coordinates": [
          31.029881,
          2.37718
        ]
      },
      "properties": {
        "id": "B197",
        "name": "Nyarwotho",
        "link": "C745",
        "length": 25.0,
        "width": 11.399999618530273,
        "class": "National"
      }
    },
    {
      "type": "Feature",
      "geometry": {
        "type": "Point",
        "coordinates": [
          32.20805,
          3.266038
        ]
      },
      "properties": {
        "id": "B198",
        "name": "UNYAMA BRIDGE",
        "link": "None",
        "length": 31.0,
        "width": 6.519999980926514,
        "class": "National"
      }
    },
    {
      "type": "Feature",
      "geometry": {
        "type": "Point",
        "coordinates": [
          32.36237,
          3.299143
        ]
      },
      "properties": {
        "id": "B199",
        "name": "ASWA BRIDGE",
        "link": "None",
        "length": 88.11000061035156,
        "width": 6.0,
        "class": "National"
      }
    },
    {
      "type": "Feature",
      "geometry": {
        "type": "Point",
        "coordinates": [
          32.413349,
          3.369424
        ]
      },
      "properties": {
        "id": "B200",
        "name": "AWICH BRIDGE",
        "link": "None",
        "length": 10.600000381469727,
        "width": 3.9000000953674316,
        "class": "National"
      }
    },
    {
      "type": "Feature",
      "geometry": {
        "type": "Point",
        "coordinates": [
          32.52346,
          3.43055
        ]
      },
      "properties": {
        "id": "B201",
        "name": "BURKUNG",
        "link": "None",
        "length": 12.600000381469727,
        "width": 5.980000019073486,
        "class": "National"
      }
    },
    {
      "type": "Feature",
      "geometry": {
        "type": "Point",
        "coordinates": [
          32.853283,
          3.441197
        ]
      },
      "properties": {
        "id": "B202",
        "name": "LAGWEL BRIDGE",
        "link": "None",
        "length": 5.5,
        "width": 4.349999904632568,
        "class": "National"
      }
    },
    {
      "type": "Feature",
      "geometry": {
        "type": "Point",
        "coordinates": [
          32.591454,
          3.668679
        ]
      },
      "properties": {
        "id": "B203",
        "name": "LIMU BRIDGE",
        "link": "None",
        "length": 7.400000095367432,
        "width": 5.599999904632568,
        "class": "National"
      }
    },
    {
      "type": "Feature",
      "geometry": {
        "type": "Point",
        "coordinates": [
          32.579498,
          0.3505
        ]
      },
      "properties": {
        "id": "B204",
        "name": "Christine",
        "link": "None",
        "length": null,
        "width": null,
        "class": "National"
      }
    },
    {
      "type": "Feature",
      "geometry": {
        "type": "Point",
        "coordinates": [
          33.091,
          3.619
        ]
      },
      "properties": {
        "id": "B205",
        "name": "Lakaye Bridge",
        "link": "None",
        "length": 4.099999904632568,
        "width": 4.199999809265137,
        "class": "National"
      }
    },
    {
      "type": "Feature",
      "geometry": {
        "type": "Point",
        "coordinates": [
          33.014526,
          3.79756
        ]
      },
      "properties": {
        "id": "B206",
        "name": "OKURA BRIDGE",
        "link": "None",
        "length": 10.300000190734863,
        "width": 4.599999904632568,
        "class": "National"
      }
    },
    {
      "type": "Feature",
      "geometry": {
        "type": "Point",
        "coordinates": [
          33.069176,
          3.260317
        ]
      },
      "properties": {
        "id": "B207",
        "name": "KITGUM MATIDI",
        "link": "None",
        "length": 40.400001525878906,
        "width": 4.800000190734863,
        "class": "National"
      }
    },
    {
      "type": "Feature",
      "geometry": {
        "type": "Point",
        "coordinates": [
          31.392731,
          2.71777
        ]
      },
      "properties": {
        "id": "B208",
        "name": "ORAA 1",
        "link": "C743",
        "length": 24.899999618530273,
        "width": 3.799999952316284,
        "class": "National"
      }
    },
    {
      "type": "Feature",
      "geometry": {
        "type": "Point",
        "coordinates": [
          31.392799,
          2.714978
        ]
      },
      "properties": {
        "id": "B209",
        "name": "ORAA2 BRIDGE",
        "link": "None",
        "length": 35.20000076293945,
        "width": 5.059999942779541,
        "class": "National"
      }
    },
    {
      "type": "Feature",
      "geometry": {
        "type": "Point",
        "coordinates": [
          31.20067,
          2.88667
        ]
      },
      "properties": {
        "id": "B210",
        "name": "AWA",
        "link": "C743",
        "length": 9.800000190734863,
        "width": 3.799999952316284,
        "class": "National"
      }
    },
    {
      "type": "Feature",
      "geometry": {
        "type": "Point",
        "coordinates": [
          31.072243,
          2.903366
        ]
      },
      "properties": {
        "id": "B211",
        "name": "ALLAH BRIDGE",
        "link": "None",
        "length": 21.0,
        "width": 11.399999618530273,
        "class": "National"
      }
    },
    {
      "type": "Feature",
      "geometry": {
        "type": "Point",
        "coordinates": [
          31.019199,
          2.914741
        ]
      },
      "properties": {
        "id": "B212",
        "name": "OLEMIKA BRIDGE",
        "link": "None",
        "length": 11.600000381469727,
        "width": 10.699999809265137,
        "class": "National"
      }
    },
    {
      "type": "Feature",
      "geometry": {
        "type": "Point",
        "coordinates": [
          31.357399,
          2.320189
        ]
      },
      "properties": {
        "id": "B213",
        "name": "BORO BRIDGE",
        "link": "None",
        "length": 21.100000381469727,
        "width": 4.0,
        "class": "National"
      }
    },
    {
      "type": "Feature",
      "geometry": {
        "type": "Point",
        "coordinates": [
          31.335587,
          2.289883
        ]
      },
      "properties": {
        "id": "B214",
        "name": "KIVUJE BRIDGE",
        "link": "None",
        "length": 8.699999809265137,
        "width": 4.03000020980835,
        "class": "National"
      }
    },
    {
      "type": "Feature",
      "geometry": {
        "type": "Point",
        "coordinates": [
          34.568588,
          2.0349
        ]
      },
      "properties": {
        "id": "B215",
        "name": "LOJORO",
        "link": "None",
        "length": 5.0,
        "width": 4.5,
        "class": "National"
      }
    },
    {
      "type": "Feature",
      "geometry": {
        "type": "Point",
        "coordinates": [
          34.6814,
          2.10067
        ]
      },
      "properties": {
        "id": "B216",
        "name": "NAKOYITI",
        "link": "None",
        "length": 12.0,
        "width": 5.0,
        "class": "National"
      }
    },
    {
      "type": "Feature",
      "geometry": {
        "type": "Point",
        "coordinates": [
          34.826649,
          1.94414
        ]
      },
      "properties": {
        "id": "B217",
        "name": "CHOLOLO",
        "link": "None",
        "length": 20.0,
        "width": 10.399999618530273,
        "class": "National"
      }
    },
    {
      "type": "Feature",
      "geometry": {
        "type": "Point",
        "coordinates": [
          32.698509,
          0.34908
        ]
      },
      "properties": {
        "id": "B218",
        "name": "KOLO BRIDGE",
        "link": "None",
        "length": null,
        "width": null,
        "class": "National"
      }
    },
    {
      "type": "Feature",
      "geometry": {
        "type": "Point",
        "coordinates": [
          32.571499,
          0.3526
        ]
      },
      "properties": {
        "id": "B219",
        "name": "Kalerwe B2 LHS",
        "link": "None",
        "length": null,
        "width": null,
        "class": "National"
      }
    },
    {
      "type": "Feature",
      "geometry": {
        "type": "Point",
        "coordinates": [
          32.440361,
          0.02185
        ]
      },
      "properties": {
        "id": "B220",
        "name": "KIGUNGU BRIDGE",
        "link": "None",
        "length": null,
        "width": null,
        "class": "National"
      }
    },
    {
      "type": "Feature",
      "geometry": {
        "type": "Point",
        "coordinates": [
          32.5723,
          0.3526
        ]
      },
      "properties": {
        "id": "B221",
        "name": "Kampala Link Bridge (B221)",
        "link": "None",
        "length": null,
        "width": null,
        "class": "National"
      }
    },
    {
      "type": "Feature",
      "geometry": {
        "type": "Point",
        "coordinates": [
          32.251419,
          0.40709
        ]
      },
      "properties": {
        "id": "B222",
        "name": "MAYANJA",
        "link": "None",
        "length": null,
        "width": null,
        "class": "National"
      }
    },
    {
      "type": "Feature",
      "geometry": {
        "type": "Point",
        "coordinates": [
          31.625471,
          0.893864
        ]
      },
      "properties": {
        "id": "B223",
        "name": "BUKOOLA",
        "link": "C271",
        "length": 33.25,
        "width": 4.71999979019165,
        "class": "National"
      }
    },
    {
      "type": "Feature",
      "geometry": {
        "type": "Point",
        "coordinates": [
          32.569099,
          0.3526
        ]
      },
      "properties": {
        "id": "B224",
        "name": "Kalerwe Foot bridge",
        "link": "None",
        "length": null,
        "width": null,
        "class": "National"
      }
    },
    {
      "type": "Feature",
      "geometry": {
        "type": "Point",
        "coordinates": [
          32.171902,
          0.68194
        ]
      },
      "properties": {
        "id": "B225",
        "name": "MAYANJA BRIDGE",
        "link": "None",
        "length": null,
        "width": null,
        "class": "National"
      }
    },
    {
      "type": "Feature",
      "geometry": {
        "type": "Point",
        "coordinates": [
          32.520802,
          0.2664
        ]
      },
      "properties": {
        "id": "B226",
        "name": "KEE B6 underpass",
        "link": "None",
        "length": null,
        "width": null,
        "class": "National"
      }
    },
    {
      "type": "Feature",
      "geometry": {
        "type": "Point",
        "coordinates": [
          30.346518,
          -0.102603
        ]
      },
      "properties": {
        "id": "B227",
        "name": "NKURUNGU",
        "link": "C373",
        "length": 4.400000095367432,
        "width": 3.9600000381469727,
        "class": "National"
      }
    },
    {
      "type": "Feature",
      "geometry": {
        "type": "Point",
        "coordinates": [
          29.958969,
          -0.65107
        ]
      },
      "properties": {
        "id": "B228",
        "name": "BUTEMBE BRIDGE",
        "link": "None",
        "length": 10.0,
        "width": 4.0,
        "class": "National"
      }
    },
    {
      "type": "Feature",
      "geometry": {
        "type": "Point",
        "coordinates": [
          30.326916,
          -0.263133
        ]
      },
      "properties": {
        "id": "B229",
        "name": "KYONYO",
        "link": "C416",
        "length": 8.869999885559082,
        "width": 3.6600000858306885,
        "class": "National"
      }
    },
    {
      "type": "Feature",
      "geometry": {
        "type": "Point",
        "coordinates": [
          30.098591,
          -1.31133
        ]
      },
      "properties": {
        "id": "B230",
        "name": "Maziba Bridge",
        "link": "None",
        "length": 16.0,
        "width": 5.0,
        "class": "National"
      }
    },
    {
      "type": "Feature",
      "geometry": {
        "type": "Point",
        "coordinates": [
          29.691502,
          -0.979269
        ]
      },
      "properties": {
        "id": "B231",
        "name": "MPUNGU BRIDGE",
        "link": "None",
        "length": 18.600000381469727,
        "width": 4.75,
        "class": "National"
      }
    },
    {
      "type": "Feature",
      "geometry": {
        "type": "Point",
        "coordinates": [
          29.715969,
          -1.22407
        ]
      },
      "properties": {
        "id": "B232",
        "name": "MUCHA BRIDGE",
        "link": "None",
        "length": 9.600000381469727,
        "width": 3.75,
        "class": "National"
      }
    },
    {
      "type": "Feature",
      "geometry": {
        "type": "Point",
        "coordinates": [
          29.611555,
          -1.197372
        ]
      },
      "properties": {
        "id": "B233",
        "name": "KAKU BRIDGE",
        "link": "None",
        "length": 18.0,
        "width": 10.100000381469727,
        "class": "National"
      }
    },
    {
      "type": "Feature",
      "geometry": {
        "type": "Point",
        "coordinates": [
          29.640989,
          -0.83906
        ]
      },
      "properties": {
        "id": "B234",
        "name": "ISHASHA BRIDGE",
        "link": "None",
        "length": 20.299999237060547,
        "width": 5.0,
        "class": "National"
      }
    },
    {
      "type": "Feature",
      "geometry": {
        "type": "Point",
        "coordinates": [
          29.6374,
          -0.90849
        ]
      },
      "properties": {
        "id": "B235",
        "name": "MUYAGA BRIDGE",
        "link": "None",
        "length": 9.649999618530273,
        "width": 4.900000095367432,
        "class": "National"
      }
    },
    {
      "type": "Feature",
      "geometry": {
        "type": "Point",
        "coordinates": [
          29.72121,
          -0.76536
        ]
      },
      "properties": {
        "id": "B236",
        "name": "KIRURUMA BRIDGE",
        "link": "None",
        "length": 21.5,
        "width": 4.5,
        "class": "National"
      }
    },
    {
      "type": "Feature",
      "geometry": {
        "type": "Point",
        "coordinates": [
          29.82247,
          -0.78366
        ]
      },
      "properties": {
        "id": "B237",
        "name": "MITANO 01",
        "link": "None",
        "length": 60.0,
        "width": 10.100000381469727,
        "class": "National"
      }
    },
    {
      "type": "Feature",
      "geometry": {
        "type": "Point",
        "coordinates": [
          29.84602,
          -0.7807
        ]
      },
      "properties": {
        "id": "B238",
        "name": "KABAALE BRIDGE",
        "link": "None",
        "length": 4.699999809265137,
        "width": 8.0,
        "class": "National"
      }
    },
    {
      "type": "Feature",
      "geometry": {
        "type": "Point",
        "coordinates": [
          29.86307,
          -0.67665
        ]
      },
      "properties": {
        "id": "B239",
        "name": "KAKINGO BRIDGE",
        "link": "None",
        "length": 5.699999809265137,
        "width": 4.0,
        "class": "National"
      }
    },
    {
      "type": "Feature",
      "geometry": {
        "type": "Point",
        "coordinates": [
          29.793762,
          -0.583351
        ]
      },
      "properties": {
        "id": "B240",
        "name": "RUSHAYA BRIDGE",
        "link": "None",
        "length": 35.0,
        "width": 3.5999999046325684,
        "class": "National"
      }
    },
    {
      "type": "Feature",
      "geometry": {
        "type": "Point",
        "coordinates": [
          29.799648,
          -0.683095
        ]
      },
      "properties": {
        "id": "B241",
        "name": "MITANO 02 BRIDGE",
        "link": "None",
        "length": 31.100000381469727,
        "width": 7.0,
        "class": "National"
      }
    },
    {
      "type": "Feature",
      "geometry": {
        "type": "Point",
        "coordinates": [
          32.586601,
          0.3497
        ]
      },
      "properties": {
        "id": "B242",
        "name": "Kyebando foot bridge",
        "link": "None",
        "length": null,
        "width": null,
        "class": "National"
      }
    },
    {
      "type": "Feature",
      "geometry": {
        "type": "Point",
        "coordinates": [
          30.289885,
          -0.623411
        ]
      },
      "properties": {
        "id": "B243",
        "name": "RWAMUGANGA BRIDGE",
        "link": "None",
        "length": 15.350000381469727,
        "width": 4.329999923706055,
        "class": "National"
      }
    },
    {
      "type": "Feature",
      "geometry": {
        "type": "Point",
        "coordinates": [
          32.562599,
          0.3493
        ]
      },
      "properties": {
        "id": "B245",
        "name": "Bwayise B2 RHS",
        "link": "None",
        "length": null,
        "width": null,
        "class": "National"
      }
    },
    {
      "type": "Feature",
      "geometry": {
        "type": "Point",
        "coordinates": [
          30.163153,
          -0.661432
        ]
      },
      "properties": {
        "id": "B246",
        "name": "NDURUMO BRIDGE",
        "link": "None",
        "length": 13.5,
        "width": 3.799999952316284,
        "class": "National"
      }
    },
    {
      "type": "Feature",
      "geometry": {
        "type": "Point",
        "coordinates": [
          32.562599,
          0.3493
        ]
      },
      "properties": {
        "id": "B247",
        "name": "Bwayise B1 LHS",
        "link": "None",
        "length": null,
        "width": null,
        "class": "National"
      }
    },
    {
      "type": "Feature",
      "geometry": {
        "type": "Point",
        "coordinates": [
          30.059286,
          -0.685226
        ]
      },
      "properties": {
        "id": "B248",
        "name": "KATIZI BRIDGE",
        "link": "None",
        "length": 7.0,
        "width": 4.400000095367432,
        "class": "National"
      }
    },
    {
      "type": "Feature",
      "geometry": {
        "type": "Point",
        "coordinates": [
          30.10671,
          -0.20655
        ]
      },
      "properties": {
        "id": "B249",
        "name": "KYAMBURA BRIDGE",
        "link": "None",
        "length": 18.299999237060547,
        "width": 4.380000114440918,
        "class": "National"
      }
    },
    {
      "type": "Feature",
      "geometry": {
        "type": "Point",
        "coordinates": [
          32.562599,
          0.3493
        ]
      },
      "properties": {
        "id": "B250",
        "name": "Bwayise B2 LHS",
        "link": "None",
        "length": null,
        "width": null,
        "class": "National"
      }
    },
    {
      "type": "Feature",
      "geometry": {
        "type": "Point",
        "coordinates": [
          30.0877,
          -0.3203
        ]
      },
      "properties": {
        "id": "B251",
        "name": "ENSHYA BRIDGE",
        "link": "None",
        "length": 6.5,
        "width": 3.700000047683716,
        "class": "National"
      }
    },
    {
      "type": "Feature",
      "geometry": {
        "type": "Point",
        "coordinates": [
          29.74876,
          -0.08089
        ]
      },
      "properties": {
        "id": "B252",
        "name": "RUBIRIHA",
        "link": "None",
        "length": 12.199999809265137,
        "width": 4.599999904632568,
        "class": "National"
      }
    },
    {
      "type": "Feature",
      "geometry": {
        "type": "Point",
        "coordinates": [
          29.7407,
          -0.09594
        ]
      },
      "properties": {
        "id": "B253",
        "name": "KABIRA BRIDGE",
        "link": "None",
        "length": 12.199999809265137,
        "width": 4.400000095367432,
        "class": "National"
      }
    },
    {
      "type": "Feature",
      "geometry": {
        "type": "Point",
        "coordinates": [
          32.6479,
          0.3636
        ]
      },
      "properties": {
        "id": "B254",
        "name": "Namugongo OverBridge",
        "link": "None",
        "length": null,
        "width": null,
        "class": "National"
      }
    },
    {
      "type": "Feature",
      "geometry": {
        "type": "Point",
        "coordinates": [
          31.00355,
          1.11092
        ]
      },
      "properties": {
        "id": "B255",
        "name": "RUZAIRWE",
        "link": "None",
        "length": 22.0,
        "width": 10.399999618530273,
        "class": "National"
      }
    },
    {
      "type": "Feature",
      "geometry": {
        "type": "Point",
        "coordinates": [
          30.15575,
          0.566563
        ]
      },
      "properties": {
        "id": "B256",
        "name": "PEREPA",
        "link": "None",
        "length": 6.0,
        "width": 4.059999942779541,
        "class": "National"
      }
    },
    {
      "type": "Feature",
      "geometry": {
        "type": "Point",
        "coordinates": [
          32.553398,
          0.3471
        ]
      },
      "properties": {
        "id": "B257",
        "name": "Kawaala Bridge",
        "link": "None",
        "length": null,
        "width": null,
        "class": "National"
      }
    },
    {
      "type": "Feature",
      "geometry": {
        "type": "Point",
        "coordinates": [
          30.15962,
          0.599673
        ]
      },
      "properties": {
        "id": "B258",
        "name": "MAHOMA",
        "link": "None",
        "length": 5.0,
        "width": 4.0,
        "class": "National"
      }
    },
    {
      "type": "Feature",
      "geometry": {
        "type": "Point",
        "coordinates": [
          30.1583,
          0.619995
        ]
      },
      "properties": {
        "id": "B259",
        "name": "DUNGA",
        "link": "None",
        "length": 3.5999999046325684,
        "width": 3.4000000953674316,
        "class": "National"
      }
    },
    {
      "type": "Feature",
      "geometry": {
        "type": "Point",
        "coordinates": [
          30.158581,
          0.628507
        ]
      },
      "properties": {
        "id": "B260",
        "name": "NYABUSWA",
        "link": "None",
        "length": 3.0999999046325684,
        "width": 3.9000000953674316,
        "class": "National"
      }
    },
    {
      "type": "Feature",
      "geometry": {
        "type": "Point",
        "coordinates": [
          30.172859,
          0.656084
        ]
      },
      "properties": {
        "id": "B261",
        "name": "MPANGA",
        "link": "None",
        "length": 4.0,
        "width": 4.400000095367432,
        "class": "National"
      }
    },
    {
      "type": "Feature",
      "geometry": {
        "type": "Point",
        "coordinates": [
          32.542801,
          0.3452
        ]
      },
      "properties": {
        "id": "B262",
        "name": "Namugoona B2",
        "link": "None",
        "length": 15.399995803833008,
        "width": 8.300000190734863,
        "class": "National"
      }
    },
    {
      "type": "Feature",
      "geometry": {
        "type": "Point",
        "coordinates": [
          30.237967,
          0.929418
        ]
      },
      "properties": {
        "id": "B263",
        "name": "Dongoi",
        "link": "None",
        "length": 24.600000381469727,
        "width": 4.940000057220459,
        "class": "National"
      }
    },
    {
      "type": "Feature",
      "geometry": {
        "type": "Point",
        "coordinates": [
          30.82284,
          1.06575
        ]
      },
      "properties": {
        "id": "B264",
        "name": "MURUNGU",
        "link": "None",
        "length": 2.5999999046325684,
        "width": 4.699999809265137,
        "class": "National"
      }
    },
    {
      "type": "Feature",
      "geometry": {
        "type": "Point",
        "coordinates": [
          31.122629,
          1.02426
        ]
      },
      "properties": {
        "id": "B265",
        "name": "NGUSE",
        "link": "None",
        "length": 23.700000762939453,
        "width": 5.400000095367432,
        "class": "National"
      }
    },
    {
      "type": "Feature",
      "geometry": {
        "type": "Point",
        "coordinates": [
          30.532631,
          0.302793
        ]
      },
      "properties": {
        "id": "B266",
        "name": "MPANGA",
        "link": "None",
        "length": 8.199999809265137,
        "width": 4.400000095367432,
        "class": "National"
      }
    },
    {
      "type": "Feature",
      "geometry": {
        "type": "Point",
        "coordinates": [
          31.198521,
          -0.46901
        ]
      },
      "properties": {
        "id": "B267",
        "name": "MPANGA",
        "link": "None",
        "length": 16.200000762939453,
        "width": 4.5,
        "class": "National"
      }
    },
    {
      "type": "Feature",
      "geometry": {
        "type": "Point",
        "coordinates": [
          30.413811,
          -0.10868
        ]
      },
      "properties": {
        "id": "B268",
        "name": "MPANGA BRIDGE",
        "link": "None",
        "length": 30.0,
        "width": 3.700000047683716,
        "class": "National"
      }
    },
    {
      "type": "Feature",
      "geometry": {
        "type": "Point",
        "coordinates": [
          30.23797,
          0.92937
        ]
      },
      "properties": {
        "id": "B269",
        "name": "KISENGE",
        "link": "None",
        "length": 21.799999237060547,
        "width": 7.5,
        "class": "National"
      }
    },
    {
      "type": "Feature",
      "geometry": {
        "type": "Point",
        "coordinates": [
          31.11483,
          1.529899
        ]
      },
      "properties": {
        "id": "B270",
        "name": "WAMBABYA",
        "link": "None",
        "length": 25.799999237060547,
        "width": 10.899999618530273,
        "class": "National"
      }
    },
    {
      "type": "Feature",
      "geometry": {
        "type": "Point",
        "coordinates": [
          31.182899,
          1.37389
        ]
      },
      "properties": {
        "id": "B271",
        "name": "WAMBABYA",
        "link": "None",
        "length": 5.5,
        "width": 8.199999809265137,
        "class": "National"
      }
    },
    {
      "type": "Feature",
      "geometry": {
        "type": "Point",
        "coordinates": [
          34.57732,
          2.05974
        ]
      },
      "properties": {
        "id": "B272",
        "name": "Nabilatuk Irish Crossing",
        "link": "None",
        "length": 17.100000381469727,
        "width": null,
        "class": "National"
      }
    },
    {
      "type": "Feature",
      "geometry": {
        "type": "Point",
        "coordinates": [
          32.510399,
          0.1358
        ]
      },
      "properties": {
        "id": "B273",
        "name": "Ziiru overbridge 2",
        "link": "None",
        "length": null,
        "width": null,
        "class": "National"
      }
    },
    {
      "type": "Feature",
      "geometry": {
        "type": "Point",
        "coordinates": [
          31.209574,
          1.569413
        ]
      },
      "properties": {
        "id": "B274",
        "name": "Wambabya",
        "link": "None",
        "length": 5.099999904632568,
        "width": 4.0,
        "class": "National"
      }
    },
    {
      "type": "Feature",
      "geometry": {
        "type": "Point",
        "coordinates": [
          31.103519,
          1.558344
        ]
      },
      "properties": {
        "id": "B275",
        "name": "WAMBABYA",
        "link": "C604",
        "length": 12.100000381469727,
        "width": 5.599999904632568,
        "class": "National"
      }
    },
    {
      "type": "Feature",
      "geometry": {
        "type": "Point",
        "coordinates": [
          31.44503,
          0.95543
        ]
      },
      "properties": {
        "id": "B276",
        "name": "Kanangalo",
        "link": "None",
        "length": 9.199999809265137,
        "width": 4.980000019073486,
        "class": "National"
      }
    },
    {
      "type": "Feature",
      "geometry": {
        "type": "Point",
        "coordinates": [
          32.571899,
          2.20205
        ]
      },
      "properties": {
        "id": "B277",
        "name": "Okole Bridge 1",
        "link": "C662",
        "length": 4.0,
        "width": 3.5999999046325684,
        "class": "National"
      }
    },
    {
      "type": "Feature",
      "geometry": {
        "type": "Point",
        "coordinates": [
          32.433491,
          2.408556
        ]
      },
      "properties": {
        "id": "B278",
        "name": "WALABAM",
        "link": "C665",
        "length": 24.399999618530273,
        "width": 4.599999904632568,
        "class": "National"
      }
    },
    {
      "type": "Feature",
      "geometry": {
        "type": "Point",
        "coordinates": [
          32.433483,
          2.408602
        ]
      },
      "properties": {
        "id": "B279",
        "name": "TOCHI BRIDGE",
        "link": "None",
        "length": 24.549999237060547,
        "width": 4.5,
        "class": "National"
      }
    },
    {
      "type": "Feature",
      "geometry": {
        "type": "Point",
        "coordinates": [
          32.542198,
          0.345
        ]
      },
      "properties": {
        "id": "B280",
        "name": "Namungoona B1",
        "link": "None",
        "length": null,
        "width": null,
        "class": "National"
      }
    },
    {
      "type": "Feature",
      "geometry": {
        "type": "Point",
        "coordinates": [
          33.28405,
          2.11968
        ]
      },
      "properties": {
        "id": "B281",
        "name": "EYAMA BRIDGE",
        "link": "None",
        "length": 7.710000038146973,
        "width": 3.5399999618530273,
        "class": "National"
      }
    },
    {
      "type": "Feature",
      "geometry": {
        "type": "Point",
        "coordinates": [
          33.218971,
          2.1583
        ]
      },
      "properties": {
        "id": "B282",
        "name": "ENGET BRIDGE",
        "link": "None",
        "length": 7.139999866485596,
        "width": 3.6600000858306885,
        "class": "National"
      }
    },
    {
      "type": "Feature",
      "geometry": {
        "type": "Point",
        "coordinates": [
          33.221306,
          2.152578
        ]
      },
      "properties": {
        "id": "B283",
        "name": "AKOKOWO BRIDGE",
        "link": "None",
        "length": 10.300000190734863,
        "width": 3.569999933242798,
        "class": "National"
      }
    },
    {
      "type": "Feature",
      "geometry": {
        "type": "Point",
        "coordinates": [
          33.197182,
          2.00677
        ]
      },
      "properties": {
        "id": "B284",
        "name": "ENGET BRIDGE",
        "link": "None",
        "length": 20.700000762939453,
        "width": 7.960000038146973,
        "class": "National"
      }
    },
    {
      "type": "Feature",
      "geometry": {
        "type": "Point",
        "coordinates": [
          32.963539,
          2.42722
        ]
      },
      "properties": {
        "id": "B285",
        "name": "APOC BRIDGE",
        "link": "None",
        "length": 7.21999979019165,
        "width": 3.5299999713897705,
        "class": "National"
      }
    },
    {
      "type": "Feature",
      "geometry": {
        "type": "Point",
        "coordinates": [
          33.000771,
          2.41405
        ]
      },
      "properties": {
        "id": "B286",
        "name": "OBIM BRIDGE",
        "link": "None",
        "length": 12.460000038146973,
        "width": 3.509999990463257,
        "class": "National"
      }
    },
    {
      "type": "Feature",
      "geometry": {
        "type": "Point",
        "coordinates": [
          33.082989,
          2.37308
        ]
      },
      "properties": {
        "id": "B287",
        "name": "APOCHI BRIDGE",
        "link": "None",
        "length": 10.720000267028809,
        "width": 3.569999933242798,
        "class": "National"
      }
    },
    {
      "type": "Feature",
      "geometry": {
        "type": "Point",
        "coordinates": [
          33.163639,
          2.289351
        ]
      },
      "properties": {
        "id": "B288",
        "name": "BUAPORO BRIDGE",
        "link": "None",
        "length": 10.479999542236328,
        "width": 3.5999999046325684,
        "class": "National"
      }
    },
    {
      "type": "Feature",
      "geometry": {
        "type": "Point",
        "coordinates": [
          33.08387,
          2.428214
        ]
      },
      "properties": {
        "id": "B289",
        "name": "APOC",
        "link": "C673",
        "length": 11.800000190734863,
        "width": 5.0,
        "class": "National"
      }
    },
    {
      "type": "Feature",
      "geometry": {
        "type": "Point",
        "coordinates": [
          33.156769,
          2.458497
        ]
      },
      "properties": {
        "id": "B290",
        "name": "AKWERA BRIDGE",
        "link": "None",
        "length": 17.299999237060547,
        "width": 5.5,
        "class": "National"
      }
    },
    {
      "type": "Feature",
      "geometry": {
        "type": "Point",
        "coordinates": [
          33.158001,
          2.58299
        ]
      },
      "properties": {
        "id": "B291",
        "name": "OKEE BRIDGE",
        "link": "None",
        "length": 12.0,
        "width": 5.400000095367432,
        "class": "National"
      }
    },
    {
      "type": "Feature",
      "geometry": {
        "type": "Point",
        "coordinates": [
          33.100666,
          2.849526
        ]
      },
      "properties": {
        "id": "B292",
        "name": "AGAGO BRIDGE",
        "link": "None",
        "length": 25.5,
        "width": 7.199999809265137,
        "class": "National"
      }
    },
    {
      "type": "Feature",
      "geometry": {
        "type": "Point",
        "coordinates": [
          33.309769,
          2.77968
        ]
      },
      "properties": {
        "id": "B293",
        "name": "AGAGO BRIDGE",
        "link": "None",
        "length": 4.849999904632568,
        "width": 7.630000114440918,
        "class": "National"
      }
    },
    {
      "type": "Feature",
      "geometry": {
        "type": "Point",
        "coordinates": [
          33.30986,
          2.77988
        ]
      },
      "properties": {
        "id": "B294",
        "name": "AGAGO BRIDGE",
        "link": "None",
        "length": 4.739999771118164,
        "width": 7.579999923706055,
        "class": "National"
      }
    },
    {
      "type": "Feature",
      "geometry": {
        "type": "Point",
        "coordinates": [
          33.309921,
          2.78014
        ]
      },
      "properties": {
        "id": "B295",
        "name": "AGAGO BRIDGE",
        "link": "None",
        "length": 10.899999618530273,
        "width": 7.630000114440918,
        "class": "National"
      }
    },
    {
      "type": "Feature",
      "geometry": {
        "type": "Point",
        "coordinates": [
          33.369267,
          3.007711
        ]
      },
      "properties": {
        "id": "B296",
        "name": "AGAGO BRIDGE",
        "link": "None",
        "length": 8.119999885559082,
        "width": 4.5,
        "class": "National"
      }
    },
    {
      "type": "Feature",
      "geometry": {
        "type": "Point",
        "coordinates": [
          33.141289,
          3.17501
        ]
      },
      "properties": {
        "id": "B297",
        "name": "BULUGI  BRIDGE",
        "link": "None",
        "length": 6.150000095367432,
        "width": 4.590000152587891,
        "class": "National"
      }
    },
    {
      "type": "Feature",
      "geometry": {
        "type": "Point",
        "coordinates": [
          33.057758,
          3.264447
        ]
      },
      "properties": {
        "id": "B298",
        "name": "ODYAKA",
        "link": "C677",
        "length": 5.300000190734863,
        "width": 4.800000190734863,
        "class": "National"
      }
    },
    {
      "type": "Feature",
      "geometry": {
        "type": "Point",
        "coordinates": [
          33.482517,
          2.866306
        ]
      },
      "properties": {
        "id": "B299",
        "name": "NAGOYA BRIDGE",
        "link": "None",
        "length": 8.0,
        "width": 5.449999809265137,
        "class": "National"
      }
    },
    {
      "type": "Feature",
      "geometry": {
        "type": "Point",
        "coordinates": [
          33.24461,
          2.26103
        ]
      },
      "properties": {
        "id": "B300",
        "name": "OROK BRIDGE",
        "link": "None",
        "length": 10.449999809265137,
        "width": 5.869999885559082,
        "class": "National"
      }
    },
    {
      "type": "Feature",
      "geometry": {
        "type": "Point",
        "coordinates": [
          32.212681,
          2.75503
        ]
      },
      "properties": {
        "id": "B301",
        "name": "TORCHI",
        "link": "None",
        "length": 5.199999809265137,
        "width": 5.0,
        "class": "National"
      }
    },
    {
      "type": "Feature",
      "geometry": {
        "type": "Point",
        "coordinates": [
          32.169022,
          2.74932
        ]
      },
      "properties": {
        "id": "B302",
        "name": "AYAGO",
        "link": "C685",
        "length": 6.800000190734863,
        "width": 5.900000095367432,
        "class": "National"
      }
    },
    {
      "type": "Feature",
      "geometry": {
        "type": "Point",
        "coordinates": [
          32.137405,
          2.742707
        ]
      },
      "properties": {
        "id": "B303",
        "name": "AYAGO BRIDGE",
        "link": "None",
        "length": 5.099999904632568,
        "width": 5.03000020980835,
        "class": "National"
      }
    },
    {
      "type": "Feature",
      "geometry": {
        "type": "Point",
        "coordinates": [
          32.542198,
          0.345
        ]
      },
      "properties": {
        "id": "B304",
        "name": "Namungoona B12",
        "link": "None",
        "length": null,
        "width": null,
        "class": "National"
      }
    },
    {
      "type": "Feature",
      "geometry": {
        "type": "Point",
        "coordinates": [
          32.527401,
          0.3322
        ]
      },
      "properties": {
        "id": "B305",
        "name": "Sentema B2",
        "link": "None",
        "length": null,
        "width": null,
        "class": "National"
      }
    },
    {
      "type": "Feature",
      "geometry": {
        "type": "Point",
        "coordinates": [
          32.527401,
          0.3322
        ]
      },
      "properties": {
        "id": "B306",
        "name": "Sentema B22",
        "link": "None",
        "length": null,
        "width": null,
        "class": "National"
      }
    },
    {
      "type": "Feature",
      "geometry": {
        "type": "Point",
        "coordinates": [
          32.527,
          0.3316
        ]
      },
      "properties": {
        "id": "B307",
        "name": "Sentema B1",
        "link": "None",
        "length": null,
        "width": null,
        "class": "National"
      }
    },
    {
      "type": "Feature",
      "geometry": {
        "type": "Point",
        "coordinates": [
          31.761438,
          2.853229
        ]
      },
      "properties": {
        "id": "B308",
        "name": "OMEE BRIDGE",
        "link": "None",
        "length": 17.100000381469727,
        "width": 6.0,
        "class": "National"
      }
    },
    {
      "type": "Feature",
      "geometry": {
        "type": "Point",
        "coordinates": [
          32.527,
          0.3316
        ]
      },
      "properties": {
        "id": "B309",
        "name": "Sentema B12",
        "link": "None",
        "length": null,
        "width": null,
        "class": "National"
      }
    },
    {
      "type": "Feature",
      "geometry": {
        "type": "Point",
        "coordinates": [
          32.641899,
          0.3649
        ]
      },
      "properties": {
        "id": "B310",
        "name": "NALYA-KAMURI BRIDGE",
        "link": "None",
        "length": null,
        "width": null,
        "class": "National"
      }
    },
    {
      "type": "Feature",
      "geometry": {
        "type": "Point",
        "coordinates": [
          32.633598,
          0.3631
        ]
      },
      "properties": {
        "id": "B311",
        "name": "Nalya B1 LHS",
        "link": "None",
        "length": null,
        "width": null,
        "class": "National"
      }
    },
    {
      "type": "Feature",
      "geometry": {
        "type": "Point",
        "coordinates": [
          31.664373,
          2.87649
        ]
      },
      "properties": {
        "id": "B312",
        "name": "APAA BRIDGE",
        "link": "None",
        "length": 19.389999389648438,
        "width": 6.949999809265137,
        "class": "National"
      }
    },
    {
      "type": "Feature",
      "geometry": {
        "type": "Point",
        "coordinates": [
          31.585808,
          2.873762
        ]
      },
      "properties": {
        "id": "B313",
        "name": "OCIIP BRIDGE",
        "link": "None",
        "length": 18.100000381469727,
        "width": 7.0,
        "class": "National"
      }
    },
    {
      "type": "Feature",
      "geometry": {
        "type": "Point",
        "coordinates": [
          31.865665,
          2.96004
        ]
      },
      "properties": {
        "id": "B314",
        "name": "OMEE",
        "link": "None",
        "length": 13.0,
        "width": 7.0,
        "class": "National"
      }
    },
    {
      "type": "Feature",
      "geometry": {
        "type": "Point",
        "coordinates": [
          31.782351,
          3.089018
        ]
      },
      "properties": {
        "id": "B315",
        "name": "ZOKA BRIDGE",
        "link": "None",
        "length": 5.599999904632568,
        "width": 7.050000190734863,
        "class": "National"
      }
    },
    {
      "type": "Feature",
      "geometry": {
        "type": "Point",
        "coordinates": [
          32.080505,
          3.110286
        ]
      },
      "properties": {
        "id": "B316",
        "name": "AYUGI BRIDGE",
        "link": "None",
        "length": 34.20000076293945,
        "width": 11.100000381469727,
        "class": "National"
      }
    },
    {
      "type": "Feature",
      "geometry": {
        "type": "Point",
        "coordinates": [
          32.0089,
          3.20838
        ]
      },
      "properties": {
        "id": "B317",
        "name": "OPIO",
        "link": "None",
        "length": 2.5999999046325684,
        "width": 7.199999809265137,
        "class": "National"
      }
    },
    {
      "type": "Feature",
      "geometry": {
        "type": "Point",
        "coordinates": [
          32.000912,
          3.209628
        ]
      },
      "properties": {
        "id": "B318",
        "name": "AMORO",
        "link": "None",
        "length": 12.5,
        "width": 5.0,
        "class": "National"
      }
    },
    {
      "type": "Feature",
      "geometry": {
        "type": "Point",
        "coordinates": [
          31.938696,
          3.239908
        ]
      },
      "properties": {
        "id": "B319",
        "name": "YUBA BRIDGE",
        "link": "None",
        "length": 8.399999618530273,
        "width": 7.050000190734863,
        "class": "National"
      }
    },
    {
      "type": "Feature",
      "geometry": {
        "type": "Point",
        "coordinates": [
          31.891741,
          3.31618
        ]
      },
      "properties": {
        "id": "B320",
        "name": "ADIDI",
        "link": "None",
        "length": 34.20000076293945,
        "width": 11.0,
        "class": "National"
      }
    },
    {
      "type": "Feature",
      "geometry": {
        "type": "Point",
        "coordinates": [
          31.868849,
          3.3366
        ]
      },
      "properties": {
        "id": "B321",
        "name": "ODRAGI BRIDGE",
        "link": "None",
        "length": 32.29999923706055,
        "width": 4.0,
        "class": "National"
      }
    },
    {
      "type": "Feature",
      "geometry": {
        "type": "Point",
        "coordinates": [
          32.636398,
          0.3636
        ]
      },
      "properties": {
        "id": "B322",
        "name": "Nalya B2 LHS",
        "link": "None",
        "length": null,
        "width": null,
        "class": "National"
      }
    },
    {
      "type": "Feature",
      "geometry": {
        "type": "Point",
        "coordinates": [
          32.339451,
          3.22894
        ]
      },
      "properties": {
        "id": "B323",
        "name": "AGAGURA",
        "link": "None",
        "length": 8.699999809265137,
        "width": 4.800000190734863,
        "class": "National"
      }
    },
    {
      "type": "Feature",
      "geometry": {
        "type": "Point",
        "coordinates": [
          32.827736,
          3.466091
        ]
      },
      "properties": {
        "id": "B324",
        "name": "LAGWEL BRIDGE",
        "link": "None",
        "length": 7.400000095367432,
        "width": 5.099999904632568,
        "class": "National"
      }
    },
    {
      "type": "Feature",
      "geometry": {
        "type": "Point",
        "coordinates": [
          32.703831,
          3.428221
        ]
      },
      "properties": {
        "id": "B325",
        "name": "PAUO BRIDGE",
        "link": "None",
        "length": 4.599999904632568,
        "width": 4.940000057220459,
        "class": "National"
      }
    },
    {
      "type": "Feature",
      "geometry": {
        "type": "Point",
        "coordinates": [
          33.05547,
          3.612535
        ]
      },
      "properties": {
        "id": "B326",
        "name": "OKWORA BRIDGE",
        "link": "None",
        "length": 4.5,
        "width": 4.21999979019165,
        "class": "National"
      }
    },
    {
      "type": "Feature",
      "geometry": {
        "type": "Point",
        "coordinates": [
          32.950226,
          3.592536
        ]
      },
      "properties": {
        "id": "B327",
        "name": "ARINGA BRIDGE",
        "link": "None",
        "length": 6.900000095367432,
        "width": 4.650000095367432,
        "class": "National"
      }
    },
    {
      "type": "Feature",
      "geometry": {
        "type": "Point",
        "coordinates": [
          32.894608,
          3.716738
        ]
      },
      "properties": {
        "id": "B328",
        "name": "ARINGA BRIDGE",
        "link": "None",
        "length": 16.0,
        "width": 7.0,
        "class": "National"
      }
    },
    {
      "type": "Feature",
      "geometry": {
        "type": "Point",
        "coordinates": [
          32.633301,
          0.3636
        ]
      },
      "properties": {
        "id": "B329",
        "name": "Nalya B1 RHS",
        "link": "None",
        "length": null,
        "width": null,
        "class": "National"
      }
    },
    {
      "type": "Feature",
      "geometry": {
        "type": "Point",
        "coordinates": [
          31.459076,
          3.230657
        ]
      },
      "properties": {
        "id": "B330",
        "name": "NGAGO BRIDGE",
        "link": "None",
        "length": 7.400000095367432,
        "width": 3.799999952316284,
        "class": "National"
      }
    },
    {
      "type": "Feature",
      "geometry": {
        "type": "Point",
        "coordinates": [
          31.651865,
          3.605532
        ]
      },
      "properties": {
        "id": "B331",
        "name": "LEA BRIDGE",
        "link": "None",
        "length": 13.0,
        "width": 4.400000095367432,
        "class": "National"
      }
    },
    {
      "type": "Feature",
      "geometry": {
        "type": "Point",
        "coordinates": [
          31.62635,
          3.45086
        ]
      },
      "properties": {
        "id": "B332",
        "name": "NYAWA BRIDGE",
        "link": "None",
        "length": 22.100000381469727,
        "width": 3.450000047683716,
        "class": "National"
      }
    },
    {
      "type": "Feature",
      "geometry": {
        "type": "Point",
        "coordinates": [
          31.563513,
          3.370257
        ]
      },
      "properties": {
        "id": "B333",
        "name": "OMPOSO BRIDGE",
        "link": "None",
        "length": 25.700000762939453,
        "width": 3.5999999046325684,
        "class": "National"
      }
    },
    {
      "type": "Feature",
      "geometry": {
        "type": "Point",
        "coordinates": [
          32.011681,
          3.484224
        ]
      },
      "properties": {
        "id": "B334",
        "name": "TETE BRIDGE",
        "link": "None",
        "length": 20.5,
        "width": 6.650000095367432,
        "class": "National"
      }
    },
    {
      "type": "Feature",
      "geometry": {
        "type": "Point",
        "coordinates": [
          30.972765,
          3.178337
        ]
      },
      "properties": {
        "id": "B335",
        "name": "BALIBO",
        "link": "None",
        "length": 23.049999237060547,
        "width": 3.75,
        "class": "National"
      }
    },
    {
      "type": "Feature",
      "geometry": {
        "type": "Point",
        "coordinates": [
          31.258675,
          2.25057
        ]
      },
      "properties": {
        "id": "B336",
        "name": "OGUTA BRIDGE",
        "link": "None",
        "length": 8.039999961853027,
        "width": 3.6500000953674316,
        "class": "National"
      }
    },
    {
      "type": "Feature",
      "geometry": {
        "type": "Point",
        "coordinates": [
          31.212103,
          2.281648
        ]
      },
      "properties": {
        "id": "B337",
        "name": "ARAGA BRIDGE",
        "link": "None",
        "length": 4.099999904632568,
        "width": 3.5,
        "class": "National"
      }
    },
    {
      "type": "Feature",
      "geometry": {
        "type": "Point",
        "coordinates": [
          31.209974,
          2.295385
        ]
      },
      "properties": {
        "id": "B338",
        "name": "ACODHO BRIDGE",
        "link": "None",
        "length": 7.800000190734863,
        "width": 3.5,
        "class": "National"
      }
    },
    {
      "type": "Feature",
      "geometry": {
        "type": "Point",
        "coordinates": [
          31.05999,
          2.378301
        ]
      },
      "properties": {
        "id": "B339",
        "name": "CIDO BRIDGE",
        "link": "None",
        "length": 16.649999618530273,
        "width": 11.5,
        "class": "National"
      }
    },
    {
      "type": "Feature",
      "geometry": {
        "type": "Point",
        "coordinates": [
          31.046659,
          2.380421
        ]
      },
      "properties": {
        "id": "B340",
        "name": "NYARWOTHO BRIDGE",
        "link": "None",
        "length": 10.699999809265137,
        "width": 4.03000020980835,
        "class": "National"
      }
    },
    {
      "type": "Feature",
      "geometry": {
        "type": "Point",
        "coordinates": [
          32.633499,
          0.363
        ]
      },
      "properties": {
        "id": "B341",
        "name": "Nalya B2 RHS",
        "link": "None",
        "length": null,
        "width": null,
        "class": "National"
      }
    },
    {
      "type": "Feature",
      "geometry": {
        "type": "Point",
        "coordinates": [
          32.627701,
          0.3693
        ]
      },
      "properties": {
        "id": "B342",
        "name": "Kiwatule under-pass",
        "link": "None",
        "length": null,
        "width": null,
        "class": "National"
      }
    },
    {
      "type": "Feature",
      "geometry": {
        "type": "Point",
        "coordinates": [
          32.514599,
          0.3146
        ]
      },
      "properties": {
        "id": "B343",
        "name": "Busega",
        "link": "None",
        "length": null,
        "width": null,
        "class": "National"
      }
    },
    {
      "type": "Feature",
      "geometry": {
        "type": "Point",
        "coordinates": [
          30.892725,
          3.035345
        ]
      },
      "properties": {
        "id": "B344",
        "name": "ENYAU BRIDGE",
        "link": "None",
        "length": 10.199999809265137,
        "width": 4.0,
        "class": "National"
      }
    },
    {
      "type": "Feature",
      "geometry": {
        "type": "Point",
        "coordinates": [
          30.883045,
          3.043236
        ]
      },
      "properties": {
        "id": "B345",
        "name": "OKAYIVA BRIDGE",
        "link": "None",
        "length": 10.100000381469727,
        "width": 4.199999809265137,
        "class": "National"
      }
    },
    {
      "type": "Feature",
      "geometry": {
        "type": "Point",
        "coordinates": [
          30.827444,
          3.054537
        ]
      },
      "properties": {
        "id": "B346",
        "name": "ESI BRIDGE",
        "link": "None",
        "length": 9.0,
        "width": 5.5,
        "class": "National"
      }
    },
    {
      "type": "Feature",
      "geometry": {
        "type": "Point",
        "coordinates": [
          31.030401,
          3.201206
        ]
      },
      "properties": {
        "id": "B347",
        "name": "ENYAWU-CHILLIO BRIDGE",
        "link": "None",
        "length": 32.099998474121094,
        "width": 11.050000190734863,
        "class": "National"
      }
    },
    {
      "type": "Feature",
      "geometry": {
        "type": "Point",
        "coordinates": [
          31.25313,
          3.550001
        ]
      },
      "properties": {
        "id": "B348",
        "name": "KOCHI",
        "link": "None",
        "length": 24.200000762939453,
        "width": 4.300000190734863,
        "class": "National"
      }
    },
    {
      "type": "Feature",
      "geometry": {
        "type": "Point",
        "coordinates": [
          31.0672,
          3.05018
        ]
      },
      "properties": {
        "id": "B349",
        "name": "OSU",
        "link": "C762",
        "length": 10.699999809265137,
        "width": 4.0,
        "class": "National"
      }
    },
    {
      "type": "Feature",
      "geometry": {
        "type": "Point",
        "coordinates": [
          32.514599,
          0.3146
        ]
      },
      "properties": {
        "id": "B350",
        "name": "Busega",
        "link": "None",
        "length": null,
        "width": null,
        "class": "National"
      }
    },
    {
      "type": "Feature",
      "geometry": {
        "type": "Point",
        "coordinates": [
          32.5126,
          0.3033
        ]
      },
      "properties": {
        "id": "B351",
        "name": "KEE B1",
        "link": "None",
        "length": null,
        "width": null,
        "class": "National"
      }
    },
    {
      "type": "Feature",
      "geometry": {
        "type": "Point",
        "coordinates": [
          34.01461,
          0.71136
        ]
      },
      "properties": {
        "id": "B352",
        "name": "KORUBUDE BRIDGE",
        "link": "None",
        "length": 4.400000095367432,
        "width": 4.150000095367432,
        "class": "National"
      }
    },
    {
      "type": "Feature",
      "geometry": {
        "type": "Point",
        "coordinates": [
          32.5126,
          0.3033
        ]
      },
      "properties": {
        "id": "B353",
        "name": "Christine",
        "link": "None",
        "length": null,
        "width": null,
        "class": "National"
      }
    },
    {
      "type": "Feature",
      "geometry": {
        "type": "Point",
        "coordinates": [
          34.110409,
          0.86777
        ]
      },
      "properties": {
        "id": "B354",
        "name": "KAMINIMA",
        "link": "None",
        "length": 4.599999904632568,
        "width": 4.900000095367432,
        "class": "National"
      }
    },
    {
      "type": "Feature",
      "geometry": {
        "type": "Point",
        "coordinates": [
          34.111382,
          0.87055
        ]
      },
      "properties": {
        "id": "B355",
        "name": "KAMUNIMA",
        "link": "None",
        "length": 4.400000095367432,
        "width": 4.699999809265137,
        "class": "National"
      }
    },
    {
      "type": "Feature",
      "geometry": {
        "type": "Point",
        "coordinates": [
          32.5126,
          0.2999
        ]
      },
      "properties": {
        "id": "B356",
        "name": "KEE B22",
        "link": "None",
        "length": null,
        "width": null,
        "class": "National"
      }
    },
    {
      "type": "Feature",
      "geometry": {
        "type": "Point",
        "coordinates": [
          34.089001,
          0.905
        ]
      },
      "properties": {
        "id": "B357",
        "name": "Kapisa Bridge",
        "link": "None",
        "length": 6.670000076293945,
        "width": 4.849999904632568,
        "class": "National"
      }
    },
    {
      "type": "Feature",
      "geometry": {
        "type": "Point",
        "coordinates": [
          32.5126,
          0.2999
        ]
      },
      "properties": {
        "id": "B358",
        "name": "KEE B2",
        "link": "None",
        "length": null,
        "width": null,
        "class": "National"
      }
    },
    {
      "type": "Feature",
      "geometry": {
        "type": "Point",
        "coordinates": [
          34.025162,
          0.91808
        ]
      },
      "properties": {
        "id": "B359",
        "name": "NAMULO",
        "link": "None",
        "length": 20.399999618530273,
        "width": 4.300000190734863,
        "class": "National"
      }
    },
    {
      "type": "Feature",
      "geometry": {
        "type": "Point",
        "coordinates": [
          34.015369,
          0.82397
        ]
      },
      "properties": {
        "id": "B360",
        "name": "PAYA",
        "link": "None",
        "length": 4.800000190734863,
        "width": 5.0,
        "class": "National"
      }
    },
    {
      "type": "Feature",
      "geometry": {
        "type": "Point",
        "coordinates": [
          34.036201,
          1.0219
        ]
      },
      "properties": {
        "id": "B361",
        "name": "JALANJA",
        "link": "None",
        "length": 4.599999904632568,
        "width": 4.699999809265137,
        "class": "National"
      }
    },
    {
      "type": "Feature",
      "geometry": {
        "type": "Point",
        "coordinates": [
          34.04174,
          1.01686
        ]
      },
      "properties": {
        "id": "B362",
        "name": "NAHAMYA",
        "link": "None",
        "length": 13.0,
        "width": 4.400000095367432,
        "class": "National"
      }
    },
    {
      "type": "Feature",
      "geometry": {
        "type": "Point",
        "coordinates": [
          33.971031,
          1.19822
        ]
      },
      "properties": {
        "id": "B363",
        "name": "KITOIKAWUNONI",
        "link": "None",
        "length": 21.0,
        "width": 5.199999809265137,
        "class": "National"
      }
    },
    {
      "type": "Feature",
      "geometry": {
        "type": "Point",
        "coordinates": [
          34.188301,
          1.08335
        ]
      },
      "properties": {
        "id": "B364",
        "name": "BUSAMAGA",
        "link": "None",
        "length": 30.0,
        "width": 5.0,
        "class": "National"
      }
    },
    {
      "type": "Feature",
      "geometry": {
        "type": "Point",
        "coordinates": [
          34.279011,
          1.10528
        ]
      },
      "properties": {
        "id": "B365",
        "name": "NAMATYALE",
        "link": "None",
        "length": 8.0,
        "width": 5.0,
        "class": "National"
      }
    },
    {
      "type": "Feature",
      "geometry": {
        "type": "Point",
        "coordinates": [
          34.304482,
          1.28164
        ]
      },
      "properties": {
        "id": "B366",
        "name": "PONDO",
        "link": "None",
        "length": 10.0,
        "width": 7.0,
        "class": "National"
      }
    },
    {
      "type": "Feature",
      "geometry": {
        "type": "Point",
        "coordinates": [
          34.341091,
          1.2446
        ]
      },
      "properties": {
        "id": "B367",
        "name": "SIMU",
        "link": "None",
        "length": 6.0,
        "width": 4.0,
        "class": "National"
      }
    },
    {
      "type": "Feature",
      "geometry": {
        "type": "Point",
        "coordinates": [
          34.353828,
          1.26338
        ]
      },
      "properties": {
        "id": "B368",
        "name": "SISI",
        "link": "None",
        "length": 7.5,
        "width": 6.0,
        "class": "National"
      }
    },
    {
      "type": "Feature",
      "geometry": {
        "type": "Point",
        "coordinates": [
          34.295952,
          0.93083
        ]
      },
      "properties": {
        "id": "B369",
        "name": "KUFFU",
        "link": "None",
        "length": 5.429999828338623,
        "width": 9.0,
        "class": "National"
      }
    },
    {
      "type": "Feature",
      "geometry": {
        "type": "Point",
        "coordinates": [
          34.307739,
          0.92459
        ]
      },
      "properties": {
        "id": "B370",
        "name": "NABUKHYA",
        "link": "None",
        "length": 9.0,
        "width": 9.600000381469727,
        "class": "National"
      }
    },
    {
      "type": "Feature",
      "geometry": {
        "type": "Point",
        "coordinates": [
          32.5131,
          0.2817
        ]
      },
      "properties": {
        "id": "B371",
        "name": "KEE B3 overpass",
        "link": "None",
        "length": null,
        "width": null,
        "class": "National"
      }
    },
    {
      "type": "Feature",
      "geometry": {
        "type": "Point",
        "coordinates": [
          33.693001,
          1.055
        ]
      },
      "properties": {
        "id": "B372",
        "name": "Methi",
        "link": "None",
        "length": 6.400000095367432,
        "width": 4.400000095367432,
        "class": "National"
      }
    },
    {
      "type": "Feature",
      "geometry": {
        "type": "Point",
        "coordinates": [
          34.359661,
          0.90774
        ]
      },
      "properties": {
        "id": "B373",
        "name": "NAMISINDWA",
        "link": "None",
        "length": 8.0,
        "width": 4.5,
        "class": "National"
      }
    },
    {
      "type": "Feature",
      "geometry": {
        "type": "Point",
        "coordinates": [
          32.515701,
          0.2781
        ]
      },
      "properties": {
        "id": "B374",
        "name": "KEE B4 overpass",
        "link": "None",
        "length": null,
        "width": null,
        "class": "National"
      }
    },
    {
      "type": "Feature",
      "geometry": {
        "type": "Point",
        "coordinates": [
          32.529499,
          0.2087
        ]
      },
      "properties": {
        "id": "B375",
        "name": "Kajjansi overbridge 1 KEE B11",
        "link": "None",
        "length": null,
        "width": null,
        "class": "National"
      }
    },
    {
      "type": "Feature",
      "geometry": {
        "type": "Point",
        "coordinates": [
          32.653702,
          0.3484
        ]
      },
      "properties": {
        "id": "B376",
        "name": "Namboole B1",
        "link": "None",
        "length": null,
        "width": null,
        "class": "National"
      }
    },
    {
      "type": "Feature",
      "geometry": {
        "type": "Point",
        "coordinates": [
          32.52,
          0.271
        ]
      },
      "properties": {
        "id": "B377",
        "name": "KEE B5",
        "link": "None",
        "length": null,
        "width": null,
        "class": "National"
      }
    },
    {
      "type": "Feature",
      "geometry": {
        "type": "Point",
        "coordinates": [
          33.888,
          1.326
        ]
      },
      "properties": {
        "id": "B378",
        "name": "Atoot",
        "link": "None",
        "length": 9.0,
        "width": 4.820000171661377,
        "class": "National"
      }
    },
    {
      "type": "Feature",
      "geometry": {
        "type": "Point",
        "coordinates": [
          33.581001,
          2.332
        ]
      },
      "properties": {
        "id": "B379",
        "name": "Opot",
        "link": "None",
        "length": 7.0,
        "width": 5.0,
        "class": "National"
      }
    },
    {
      "type": "Feature",
      "geometry": {
        "type": "Point",
        "coordinates": [
          34.895908,
          2.21327
        ]
      },
      "properties": {
        "id": "B380",
        "name": "LORO",
        "link": "None",
        "length": 7.0,
        "width": 6.0,
        "class": "National"
      }
    },
    {
      "type": "Feature",
      "geometry": {
        "type": "Point",
        "coordinates": [
          34.94281,
          1.95961
        ]
      },
      "properties": {
        "id": "B381",
        "name": "KANYANGAREN",
        "link": "None",
        "length": 37.650001525878906,
        "width": 5.019999980926514,
        "class": "National"
      }
    },
    {
      "type": "Feature",
      "geometry": {
        "type": "Point",
        "coordinates": [
          34.947929,
          1.70766
        ]
      },
      "properties": {
        "id": "B382",
        "name": "DINGIDINGA",
        "link": "None",
        "length": 7.940000057220459,
        "width": 5.5,
        "class": "National"
      }
    },
    {
      "type": "Feature",
      "geometry": {
        "type": "Point",
        "coordinates": [
          34.058392,
          1.75586
        ]
      },
      "properties": {
        "id": "B383",
        "name": "OMONGO",
        "link": "C964",
        "length": 12.100000381469727,
        "width": 4.440000057220459,
        "class": "National"
      }
    },
    {
      "type": "Feature",
      "geometry": {
        "type": "Point",
        "coordinates": [
          34.391781,
          2.46971
        ]
      },
      "properties": {
        "id": "B384",
        "name": "NAKODONGOT",
        "link": "None",
        "length": 4.349999904632568,
        "width": 3.690000057220459,
        "class": "National"
      }
    },
    {
      "type": "Feature",
      "geometry": {
        "type": "Point",
        "coordinates": [
          32.624699,
          0.3692
        ]
      },
      "properties": {
        "id": "B385",
        "name": "Old Kira road Over Bridge",
        "link": "None",
        "length": null,
        "width": null,
        "class": "National"
      }
    },
    {
      "type": "Feature",
      "geometry": {
        "type": "Point",
        "coordinates": [
          32.610802,
          0.3658
        ]
      },
      "properties": {
        "id": "B386",
        "name": "Ntinda foot bridge",
        "link": "None",
        "length": null,
        "width": null,
        "class": "National"
      }
    },
    {
      "type": "Feature",
      "geometry": {
        "type": "Point",
        "coordinates": [
          30.0863,
          -0.1735
        ]
      },
      "properties": {
        "id": "B387",
        "name": "KASEIGA",
        "link": "None",
        "length": 13.699999809265137,
        "width": 9.899998664855957,
        "class": "National"
      }
    },
    {
      "type": "Feature",
      "geometry": {
        "type": "Point",
        "coordinates": [
          34.371941,
          1.0276
        ]
      },
      "properties": {
        "id": "B388",
        "name": "Bunamubi Bridge",
        "link": "None",
        "length": null,
        "width": null,
        "class": "National"
      }
    },
    {
      "type": "Feature",
      "geometry": {
        "type": "Point",
        "coordinates": [
          34.02877,
          3.01139
        ]
      },
      "properties": {
        "id": "B389",
        "name": "Dopeth Irish Crossing",
        "link": "None",
        "length": 30.600000381469727,
        "width": 6.0,
        "class": "National"
      }
    },
    {
      "type": "Feature",
      "geometry": {
        "type": "Point",
        "coordinates": [
          32.653481,
          0.34823
        ]
      },
      "properties": {
        "id": "B390",
        "name": "NAMBOOLE FLYOVER",
        "link": "None",
        "length": null,
        "width": null,
        "class": "National"
      }
    },
    {
      "type": "Feature",
      "geometry": {
        "type": "Point",
        "coordinates": [
          32.654449,
          0.34879
        ]
      },
      "properties": {
        "id": "B391",
        "name": "NAMBOOLE FLYOVER",
        "link": "None",
        "length": null,
        "width": null,
        "class": "National"
      }
    },
    {
      "type": "Feature",
      "geometry": {
        "type": "Point",
        "coordinates": [
          32.647881,
          0.36341
        ]
      },
      "properties": {
        "id": "B392",
        "name": "KYALIWAJJALA BRIDGE",
        "link": "None",
        "length": null,
        "width": null,
        "class": "National"
      }
    },
    {
      "type": "Feature",
      "geometry": {
        "type": "Point",
        "coordinates": [
          32.625999,
          0.369
        ]
      },
      "properties": {
        "id": "B393",
        "name": "Kiwatule Flyover",
        "link": "None",
        "length": 28.700000762939453,
        "width": 9.720000267028809,
        "class": "National"
      }
    },
    {
      "type": "Feature",
      "geometry": {
        "type": "Point",
        "coordinates": [
          32.653999,
          0.349
        ]
      },
      "properties": {
        "id": "B394",
        "name": "Najeera Flyover",
        "link": "None",
        "length": 54.79999923706055,
        "width": 9.970000267028809,
        "class": "National"
      }
    },
    {
      "type": "Feature",
      "geometry": {
        "type": "Point",
        "coordinates": [
          32.598999,
          0.359
        ]
      },
      "properties": {
        "id": "B395",
        "name": "Kisaasi Flyover",
        "link": "None",
        "length": 56.0,
        "width": 7.300000190734863,
        "class": "National"
      }
    },
    {
      "type": "Feature",
      "geometry": {
        "type": "Point",
        "coordinates": [
          32.653999,
          0.349
        ]
      },
      "properties": {
        "id": "B396",
        "name": "Kyebando Flyover",
        "link": "None",
        "length": 33.20000076293945,
        "width": 9.970000267028809,
        "class": "National"
      }
    },
    {
      "type": "Feature",
      "geometry": {
        "type": "Point",
        "coordinates": [
          32.653999,
          0.349
        ]
      },
      "properties": {
        "id": "B397",
        "name": "Kyambogo Link Bridge (B397)",
        "link": "None",
        "length": 212.0,
        "width": 2.0,
        "class": "National"
      }
    },
    {
      "type": "Feature",
      "geometry": {
        "type": "Point",
        "coordinates": [
          32.6045,
          0.3651
        ]
      },
      "properties": {
        "id": "B398",
        "name": "Ntinda B1",
        "link": "None",
        "length": null,
        "width": null,
        "class": "National"
      }
    },
    {
      "type": "Feature",
      "geometry": {
        "type": "Point",
        "coordinates": [
          30.531191,
          -0.13323
        ]
      },
      "properties": {
        "id": "B399",
        "name": "EKYAMBU-MPCC",
        "link": "None",
        "length": null,
        "width": null,
        "class": "National"
      }
    },
    {
      "type": "Feature",
      "geometry": {
        "type": "Point",
        "coordinates": [
          32.605099,
          0.3655
        ]
      },
      "properties": {
        "id": "B400",
        "name": "Ntinda B2",
        "link": "None",
        "length": null,
        "width": null,
        "class": "National"
      }
    },
    {
      "type": "Feature",
      "geometry": {
        "type": "Point",
        "coordinates": [
          34.584389,
          1.86152
        ]
      },
      "properties": {
        "id": "B401",
        "name": "Nakironget Irish Crossing",
        "link": "None",
        "length": null,
        "width": null,
        "class": "National"
      }
    },
    {
      "type": "Feature",
      "geometry": {
        "type": "Point",
        "coordinates": [
          34.561699,
          1.92604
        ]
      },
      "properties": {
        "id": "B402",
        "name": "Lolachat Irish Crossing/Spash",
        "link": "None",
        "length": null,
        "width": null,
        "class": "National"
      }
    },
    {
      "type": "Feature",
      "geometry": {
        "type": "Point",
        "coordinates": [
          32.598499,
          0.3587
        ]
      },
      "properties": {
        "id": "B403",
        "name": "Bukoto-Kisasi over Bridge",
        "link": "None",
        "length": null,
        "width": null,
        "class": "National"
      }
    },
    {
      "type": "Feature",
      "geometry": {
        "type": "Point",
        "coordinates": [
          32.589298,
          0.3525
        ]
      },
      "properties": {
        "id": "B404",
        "name": "Bukoto-Kyebando B1 RHS",
        "link": "None",
        "length": null,
        "width": null,
        "class": "National"
      }
    },
    {
      "type": "Feature",
      "geometry": {
        "type": "Point",
        "coordinates": [
          32.589199,
          0.3526
        ]
      },
      "properties": {
        "id": "B405",
        "name": "Bukoto-Kyebando B1 LHS",
        "link": "None",
        "length": null,
        "width": null,
        "class": "National"
      }
    },
    {
      "type": "Feature",
      "geometry": {
        "type": "Point",
        "coordinates": [
          32.027828,
          2.81509
        ]
      },
      "properties": {
        "id": "B406",
        "name": "OLWAL",
        "link": "C686",
        "length": 8.5,
        "width": 4.880000114440918,
        "class": "National"
      }
    },
    {
      "type": "Feature",
      "geometry": {
        "type": "Point",
        "coordinates": [
          31.993347,
          2.812723
        ]
      },
      "properties": {
        "id": "B407",
        "name": "ASHAW",
        "link": "None",
        "length": 10.470000267028809,
        "width": 5.599999904632568,
        "class": "National"
      }
    },
    {
      "type": "Feature",
      "geometry": {
        "type": "Point",
        "coordinates": [
          34.360001,
          0.896
        ]
      },
      "properties": {
        "id": "B408",
        "name": "Kufu",
        "link": "None",
        "length": null,
        "width": null,
        "class": "National"
      }
    },
    {
      "type": "Feature",
      "geometry": {
        "type": "Point",
        "coordinates": [
          32.588902,
          0.3521
        ]
      },
      "properties": {
        "id": "B409",
        "name": "Bukoto-Kyebando B2 LHS",
        "link": "None",
        "length": null,
        "width": null,
        "class": "National"
      }
    },
    {
      "type": "Feature",
      "geometry": {
        "type": "Point",
        "coordinates": [
          33.797329,
          1.19142
        ]
      },
      "properties": {
        "id": "B410",
        "name": "Nakaloke-Kabwangasi-Butebo",
        "link": "None",
        "length": 4.5,
        "width": 6.5,
        "class": "National"
      }
    },
    {
      "type": "Feature",
      "geometry": {
        "type": "Point",
        "coordinates": [
          34.22361,
          0.94239
        ]
      },
      "properties": {
        "id": "B411",
        "name": "SHIKOYE",
        "link": "None",
        "length": 18.700000762939453,
        "width": 6.599999904632568,
        "class": "National"
      }
    },
    {
      "type": "Feature",
      "geometry": {
        "type": "Point",
        "coordinates": [
          32.588902,
          0.3521
        ]
      },
      "properties": {
        "id": "B412",
        "name": "Bukoto-Kyebando B2 RHS",
        "link": "None",
        "length": null,
        "width": null,
        "class": "National"
      }
    },
    {
      "type": "Feature",
      "geometry": {
        "type": "Point",
        "coordinates": [
          31.92869,
          3.256455
        ]
      },
      "properties": {
        "id": "B413",
        "name": "ARAGI",
        "link": "None",
        "length": 11.399999618530273,
        "width": 7.0,
        "class": "National"
      }
    },
    {
      "type": "Feature",
      "geometry": {
        "type": "Point",
        "coordinates": [
          32.022388,
          3.199851
        ]
      },
      "properties": {
        "id": "B414",
        "name": "LAIMON",
        "link": "None",
        "length": 2.4000000953674316,
        "width": 6.800000190734863,
        "class": "National"
      }
    },
    {
      "type": "Feature",
      "geometry": {
        "type": "Point",
        "coordinates": [
          31.814426,
          3.153729
        ]
      },
      "properties": {
        "id": "B415",
        "name": "ASIYA BRIDGE",
        "link": "None",
        "length": 4.199999809265137,
        "width": 7.099999904632568,
        "class": "National"
      }
    },
    {
      "type": "Feature",
      "geometry": {
        "type": "Point",
        "coordinates": [
          32.654301,
          0.3488
        ]
      },
      "properties": {
        "id": "B416",
        "name": "Namboole B2",
        "link": "None",
        "length": null,
        "width": null,
        "class": "National"
      }
    },
    {
      "type": "Feature",
      "geometry": {
        "type": "Point",
        "coordinates": [
          32.5723,
          0.3526
        ]
      },
      "properties": {
        "id": "B417",
        "name": "Kalerwe B1 RHS",
        "link": "None",
        "length": null,
        "width": null,
        "class": "National"
      }
    },
    {
      "type": "Feature",
      "geometry": {
        "type": "Point",
        "coordinates": [
          32.571499,
          0.3526
        ]
      },
      "properties": {
        "id": "B418",
        "name": "Kalerwe B2 RHS",
        "link": "None",
        "length": null,
        "width": null,
        "class": "National"
      }
    },
    {
      "type": "Feature",
      "geometry": {
        "type": "Point",
        "coordinates": [
          32.542801,
          0.3452
        ]
      },
      "properties": {
        "id": "B419",
        "name": "Namungoona B22",
        "link": "None",
        "length": null,
        "width": null,
        "class": "National"
      }
    },
    {
      "type": "Feature",
      "geometry": {
        "type": "Point",
        "coordinates": [
          32.042,
          1.543
        ]
      },
      "properties": {
        "id": "B420",
        "name": "Kafu",
        "link": "None",
        "length": 71.0,
        "width": 8.0,
        "class": "National"
      }
    },
    {
      "type": "Feature",
      "geometry": {
        "type": "Point",
        "coordinates": [
          32.513,
          0.106
        ]
      },
      "properties": {
        "id": "B421",
        "name": "Mpalla 1",
        "link": "None",
        "length": 68.0,
        "width": 7.300000190734863,
        "class": "National"
      }
    },
    {
      "type": "Feature",
      "geometry": {
        "type": "Point",
        "coordinates": [
          32.512001,
          0.106
        ]
      },
      "properties": {
        "id": "B422",
        "name": "Mpalla 2",
        "link": "None",
        "length": 78.0,
        "width": 7.300000190734863,
        "class": "National"
      }
    },
    {
      "type": "Feature",
      "geometry": {
        "type": "Point",
        "coordinates": [
          30.648222,
          1.065501
        ]
      },
      "properties": {
        "id": "B430",
        "name": "MURONGO BRIDGE",
        "link": "None",
        "length": 51.099998474121094,
        "width": 7.900000095367432,
        "class": "National"
      }
    },
    {
      "type": "Feature",
      "geometry": {
        "type": "Point",
        "coordinates": [
          32.21748,
          -0.560483
        ]
      },
      "properties": {
        "id": "B450",
        "name": "BUSUNJU BRIDGE",
        "link": "None",
        "length": null,
        "width": null,
        "class": "National"
      }
    },
    {
      "type": "Feature",
      "geometry": {
        "type": "Point",
        "coordinates": [
          32.138569,
          0.61326
        ]
      },
      "properties": {
        "id": "B451",
        "name": "MATE BRIDGE",
        "link": "None",
        "length": null,
        "width": null,
        "class": "National"
      }
    },
    {
      "type": "Feature",
      "geometry": {
        "type": "Point",
        "coordinates": [
          32.115189,
          0.63059
        ]
      },
      "properties": {
        "id": "B452",
        "name": "NANA BRIDGE",
        "link": "None",
        "length": null,
        "width": null,
        "class": "National"
      }
    },
    {
      "type": "Feature",
      "geometry": {
        "type": "Point",
        "coordinates": [
          32.235298,
          0.57813
        ]
      },
      "properties": {
        "id": "B453",
        "name": "WAMIKA 2",
        "link": "None",
        "length": null,
        "width": null,
        "class": "National"
      }
    },
    {
      "type": "Feature",
      "geometry": {
        "type": "Point",
        "coordinates": [
          32.23473,
          0.57642
        ]
      },
      "properties": {
        "id": "B454",
        "name": "WAMIKA 1",
        "link": "None",
        "length": null,
        "width": null,
        "class": "National"
      }
    },
    {
      "type": "Feature",
      "geometry": {
        "type": "Point",
        "coordinates": [
          32.935871,
          0.36814
        ]
      },
      "properties": {
        "id": "B455",
        "name": "lugazi",
        "link": "None",
        "length": null,
        "width": null,
        "class": "National"
      }
    },
    {
      "type": "Feature",
      "geometry": {
        "type": "Point",
        "coordinates": [
          32.515999,
          0.27814
        ]
      },
      "properties": {
        "id": "B456",
        "name": "KEE NAKAWUKA",
        "link": "None",
        "length": null,
        "width": null,
        "class": "National"
      }
    },
    {
      "type": "Feature",
      "geometry": {
        "type": "Point",
        "coordinates": [
          32.959862,
          0.37591
        ]
      },
      "properties": {
        "id": "B457",
        "name": "SCOUL UNDERPASS",
        "link": "None",
        "length": null,
        "width": null,
        "class": "National"
      }
    },
    {
      "type": "Feature",
      "geometry": {
        "type": "Point",
        "coordinates": [
          32.054119,
          0.6833
        ]
      },
      "properties": {
        "id": "B458",
        "name": "MATAGI",
        "link": "None",
        "length": null,
        "width": null,
        "class": "National"
      }
    },
    {
      "type": "Feature",
      "geometry": {
        "type": "Point",
        "coordinates": [
          31.90852,
          1.12198
        ]
      },
      "properties": {
        "id": "B459",
        "name": "KABAALE BRIDGE",
        "link": "None",
        "length": null,
        "width": null,
        "class": "National"
      }
    },
    {
      "type": "Feature",
      "geometry": {
        "type": "Point",
        "coordinates": [
          31.96471,
          0.42548
        ]
      },
      "properties": {
        "id": "B460",
        "name": "Mityana-Naama-Myanzi",
        "link": "None",
        "length": null,
        "width": null,
        "class": "National"
      }
    },
    {
      "type": "Feature",
      "geometry": {
        "type": "Point",
        "coordinates": [
          31.582979,
          0.89951
        ]
      },
      "properties": {
        "id": "B461",
        "name": "BUKOOLA",
        "link": "None",
        "length": null,
        "width": null,
        "class": "National"
      }
    },
    {
      "type": "Feature",
      "geometry": {
        "type": "Point",
        "coordinates": [
          32.007439,
          0.03426
        ]
      },
      "properties": {
        "id": "B462",
        "name": "Katonga Bridge",
        "link": "None",
        "length": 35.0,
        "width": 6.699999809265137,
        "class": "National"
      }
    },
    {
      "type": "Feature",
      "geometry": {
        "type": "Point",
        "coordinates": [
          30.287889,
          0.62338
        ]
      },
      "properties": {
        "id": "B540",
        "name": "RWAMUGANGA-02",
        "link": "None",
        "length": 8.300000190734863,
        "width": 5.5,
        "class": "National"
      }
    },
    {
      "type": "Feature",
      "geometry": {
        "type": "Point",
        "coordinates": [
          30.948231,
          1.0655
        ]
      },
      "properties": {
        "id": "B541",
        "name": "Murongo Bridge",
        "link": "None",
        "length": 51.0,
        "width": 8.0,
        "class": "National"
      }
    },
    {
      "type": "Feature",
      "geometry": {
        "type": "Point",
        "coordinates": [
          30.459562,
          1.052326
        ]
      },
      "properties": {
        "id": "B542",
        "name": "MIRAMA BORDER 02",
        "link": "None",
        "length": 21.700000762939453,
        "width": 12.100000381469727,
        "class": "National"
      }
    },
    {
      "type": "Feature",
      "geometry": {
        "type": "Point",
        "coordinates": [
          30.531019,
          0.13287
        ]
      },
      "properties": {
        "id": "B543",
        "name": "KYAMBU BRIDGE",
        "link": "None",
        "length": 31.850000381469727,
        "width": 11.430000305175781,
        "class": "National"
      }
    },
    {
      "type": "Feature",
      "geometry": {
        "type": "Point",
        "coordinates": [
          30.105,
          -0.19445
        ]
      },
      "properties": {
        "id": "B544",
        "name": "NYAMWAMBA BRIDGE",
        "link": "None",
        "length": 18.5,
        "width": 10.300000190734863,
        "class": "National"
      }
    },
    {
      "type": "Feature",
      "geometry": {
        "type": "Point",
        "coordinates": [
          30.680361,
          0.09666
        ]
      },
      "properties": {
        "id": "B545",
        "name": "NYAMASHEKYE BRIDGE",
        "link": "None",
        "length": 34.5,
        "width": 11.0,
        "class": "National"
      }
    },
    {
      "type": "Feature",
      "geometry": {
        "type": "Point",
        "coordinates": [
          30.462099,
          0.10074
        ]
      },
      "properties": {
        "id": "B546",
        "name": "MPANGA BRIDGE",
        "link": "None",
        "length": 47.29999923706055,
        "width": 11.3100004196167,
        "class": "National"
      }
    },
    {
      "type": "Feature",
      "geometry": {
        "type": "Point",
        "coordinates": [
          30.486179,
          -0.17104
        ]
      },
      "properties": {
        "id": "B547",
        "name": "IBANDA",
        "link": "None",
        "length": 18.0,
        "width": 8.300000190734863,
        "class": "National"
      }
    },
    {
      "type": "Feature",
      "geometry": {
        "type": "Point",
        "coordinates": [
          30.644039,
          -0.61817
        ]
      },
      "properties": {
        "id": "B548",
        "name": "RWIZI BRIDGE",
        "link": "None",
        "length": 55.5,
        "width": 11.0,
        "class": "National"
      }
    },
    {
      "type": "Feature",
      "geometry": {
        "type": "Point",
        "coordinates": [
          29.897579,
          0.07288
        ]
      },
      "properties": {
        "id": "B549",
        "name": "RWEMBYO BRIDGE",
        "link": "None",
        "length": 10.0,
        "width": 4.400000095367432,
        "class": "National"
      }
    },
    {
      "type": "Feature",
      "geometry": {
        "type": "Point",
        "coordinates": [
          29.872471,
          0.06276
        ]
      },
      "properties": {
        "id": "B550",
        "name": "KAJWENGE BRIDGE",
        "link": "None",
        "length": 5.599999904632568,
        "width": 4.5,
        "class": "National"
      }
    },
    {
      "type": "Feature",
      "geometry": {
        "type": "Point",
        "coordinates": [
          30.005421,
          -0.21362
        ]
      },
      "properties": {
        "id": "B551",
        "name": "KYANJUKI",
        "link": "None",
        "length": 41.0,
        "width": 7.0,
        "class": "National"
      }
    },
    {
      "type": "Feature",
      "geometry": {
        "type": "Point",
        "coordinates": [
          30.088383,
          0.177148
        ]
      },
      "properties": {
        "id": "B552",
        "name": "DELTA BRIDGE",
        "link": "None",
        "length": 10.25,
        "width": 9.949999809265137,
        "class": "National"
      }
    },
    {
      "type": "Feature",
      "geometry": {
        "type": "Point",
        "coordinates": [
          30.101078,
          -1.303756
        ]
      },
      "properties": {
        "id": "B553",
        "name": "OMUKABARE BRIDGE",
        "link": "None",
        "length": 6.199999809265137,
        "width": 6.300000190734863,
        "class": "National"
      }
    },
    {
      "type": "Feature",
      "geometry": {
        "type": "Point",
        "coordinates": [
          30.105,
          -0.19445
        ]
      },
      "properties": {
        "id": "B554",
        "name": "NYAMWAMBA BRIDGE",
        "link": "None",
        "length": 18.5,
        "width": 10.300002098083496,
        "class": "National"
      }
    },
    {
      "type": "Feature",
      "geometry": {
        "type": "Point",
        "coordinates": [
          30.30652,
          1.14626
        ]
      },
      "properties": {
        "id": "B555",
        "name": "Kizinga Bridge",
        "link": "None",
        "length": 4.0,
        "width": 5.0,
        "class": "National"
      }
    },
    {
      "type": "Feature",
      "geometry": {
        "type": "Point",
        "coordinates": [
          29.635759,
          -0.93741
        ]
      },
      "properties": {
        "id": "B556",
        "name": "MUNYANGA BRIDGE",
        "link": "None",
        "length": 13.600000381469727,
        "width": 5.5,
        "class": "National"
      }
    },
    {
      "type": "Feature",
      "geometry": {
        "type": "Point",
        "coordinates": [
          30.101757,
          0.322528
        ]
      },
      "properties": {
        "id": "B557",
        "name": "Kitekena",
        "link": "None",
        "length": 6.699999809265137,
        "width": 4.0,
        "class": "National"
      }
    },
    {
      "type": "Feature",
      "geometry": {
        "type": "Point",
        "coordinates": [
          30.460281,
          -0.43447
        ]
      },
      "properties": {
        "id": "B558",
        "name": "NYAMASHEKYE BRIDGE",
        "link": "None",
        "length": 34.20000076293945,
        "width": 11.420000076293945,
        "class": "National"
      }
    },
    {
      "type": "Feature",
      "geometry": {
        "type": "Point",
        "coordinates": [
          33.188,
          0.443
        ]
      },
      "properties": {
        "id": "B559",
        "name": "Old Railway Bridge",
        "link": "None",
        "length": 13.699999809265137,
        "width": 9.899999618530273,
        "class": "National"
      }
    },
    {
      "type": "Feature",
      "geometry": {
        "type": "Point",
        "coordinates": [
          29.95256,
          0.11621
        ]
      },
      "properties": {
        "id": "B560",
        "name": "Kisinga River Bridge (B560)",
        "link": "None",
        "length": 17.360000610351562,
        "width": 8.449999809265137,
        "class": "National"
      }
    },
    {
      "type": "Feature",
      "geometry": {
        "type": "Point",
        "coordinates": [
          29.86849,
          -0.87154
        ]
      },
      "properties": {
        "id": "B561",
        "name": "BIRARA BRIDGE",
        "link": "None",
        "length": 32.29999923706055,
        "width": 9.0,
        "class": "National"
      }
    },
    {
      "type": "Feature",
      "geometry": {
        "type": "Point",
        "coordinates": [
          30.677,
          0.103
        ]
      },
      "properties": {
        "id": "B562",
        "name": "Nyamashekye Bridge",
        "link": "None",
        "length": 18.799999237060547,
        "width": 4.5,
        "class": "National"
      }
    },
    {
      "type": "Feature",
      "geometry": {
        "type": "Point",
        "coordinates": [
          34.093479,
          0.94691
        ]
      },
      "properties": {
        "id": "B600",
        "name": "Kidoko-Kachonga",
        "link": "None",
        "length": 11.199999809265137,
        "width": 3.5,
        "class": "National"
      }
    },
    {
      "type": "Feature",
      "geometry": {
        "type": "Point",
        "coordinates": [
          33.92091,
          1.41228
        ]
      },
      "properties": {
        "id": "B601",
        "name": "Kapira_Ngora",
        "link": "None",
        "length": 24.0,
        "width": 14.399999618530273,
        "class": "National"
      }
    },
    {
      "type": "Feature",
      "geometry": {
        "type": "Point",
        "coordinates": [
          34.014622,
          0.71138
        ]
      },
      "properties": {
        "id": "B602",
        "name": "Mulanda-Nagongera",
        "link": "None",
        "length": 4.5,
        "width": 4.199999809265137,
        "class": "National"
      }
    },
    {
      "type": "Feature",
      "geometry": {
        "type": "Point",
        "coordinates": [
          34.62104,
          1.41423
        ]
      },
      "properties": {
        "id": "B603",
        "name": "Kaserem-Kapchorwa-Suam",
        "link": "None",
        "length": 14.0,
        "width": 15.0,
        "class": "National"
      }
    },
    {
      "type": "Feature",
      "geometry": {
        "type": "Point",
        "coordinates": [
          34.085941,
          0.68541
        ]
      },
      "properties": {
        "id": "B605",
        "name": "Rubongi - Mulanda",
        "link": "None",
        "length": 4.0,
        "width": 4.5,
        "class": "National"
      }
    },
    {
      "type": "Feature",
      "geometry": {
        "type": "Point",
        "coordinates": [
          34.59985,
          1.41996
        ]
      },
      "properties": {
        "id": "B606",
        "name": "Kaserem-Kapchorwa Suam",
        "link": "None",
        "length": 11.5,
        "width": 15.0,
        "class": "National"
      }
    },
    {
      "type": "Feature",
      "geometry": {
        "type": "Point",
        "coordinates": [
          34.240131,
          1.10831
        ]
      },
      "properties": {
        "id": "B608",
        "name": "Mbale-Bufumbo",
        "link": "None",
        "length": 7.0,
        "width": 5.800000190734863,
        "class": "National"
      }
    },
    {
      "type": "Feature",
      "geometry": {
        "type": "Point",
        "coordinates": [
          34.599781,
          1.41983
        ]
      },
      "properties": {
        "id": "B609",
        "name": "KAPCHORWA- SUAM",
        "link": "None",
        "length": 19.100000381469727,
        "width": 15.100000381469727,
        "class": "National"
      }
    },
    {
      "type": "Feature",
      "geometry": {
        "type": "Point",
        "coordinates": [
          33.920898,
          1.41237
        ]
      },
      "properties": {
        "id": "B610",
        "name": "Kanyango Bridge - Kumi",
        "link": "None",
        "length": 34.5,
        "width": 13.5,
        "class": "National"
      }
    },
    {
      "type": "Feature",
      "geometry": {
        "type": "Point",
        "coordinates": [
          34.743561,
          1.26685
        ]
      },
      "properties": {
        "id": "B611",
        "name": "Kaserem-Kapchorwa-Suam",
        "link": "None",
        "length": 30.0,
        "width": 14.0,
        "class": "National"
      }
    },
    {
      "type": "Feature",
      "geometry": {
        "type": "Point",
        "coordinates": [
          34.633598,
          1.34811
        ]
      },
      "properties": {
        "id": "B612",
        "name": "Kaserem-Kapchorwa-Suam",
        "link": "None",
        "length": 35.0,
        "width": 15.5,
        "class": "National"
      }
    },
    {
      "type": "Feature",
      "geometry": {
        "type": "Point",
        "coordinates": [
          31.908895,
          1.121959
        ]
      },
      "properties": {
        "id": "B630",
        "name": "Mayanja",
        "link": "None",
        "length": 101.4000015258789,
        "width": 11.729999542236328,
        "class": "National"
      }
    },
    {
      "type": "Feature",
      "geometry": {
        "type": "Point",
        "coordinates": [
          31.00145,
          1.41141
        ]
      },
      "properties": {
        "id": "B631",
        "name": "RUTOHA BRIDGE",
        "link": "None",
        "length": 12.699999809265137,
        "width": 11.010000228881836,
        "class": "National"
      }
    },
    {
      "type": "Feature",
      "geometry": {
        "type": "Point",
        "coordinates": [
          30.757919,
          1.24028
        ]
      },
      "properties": {
        "id": "B632",
        "name": "KINGFISHER",
        "link": "None",
        "length": 40.099998474121094,
        "width": 10.0,
        "class": "National"
      }
    },
    {
      "type": "Feature",
      "geometry": {
        "type": "Point",
        "coordinates": [
          32.511398,
          0.1266
        ]
      },
      "properties": {
        "id": "B633",
        "name": "Nambigirwa Bridge 2",
        "link": "None",
        "length": null,
        "width": null,
        "class": "National"
      }
    },
    {
      "type": "Feature",
      "geometry": {
        "type": "Point",
        "coordinates": [
          30.4907,
          0.15818
        ]
      },
      "properties": {
        "id": "B634",
        "name": "MPANGA",
        "link": "None",
        "length": 32.20000076293945,
        "width": 10.0,
        "class": "National"
      }
    },
    {
      "type": "Feature",
      "geometry": {
        "type": "Point",
        "coordinates": [
          31.376169,
          1.70923
        ]
      },
      "properties": {
        "id": "B635",
        "name": "WAAKI BRIDGE",
        "link": "None",
        "length": 27.700000762939453,
        "width": 14.100000381469727,
        "class": "National"
      }
    },
    {
      "type": "Feature",
      "geometry": {
        "type": "Point",
        "coordinates": [
          31.5648,
          2.2849
        ]
      },
      "properties": {
        "id": "B636",
        "name": "Paraa Bridge",
        "link": "None",
        "length": null,
        "width": null,
        "class": "National"
      }
    },
    {
      "type": "Feature",
      "geometry": {
        "type": "Point",
        "coordinates": [
          30.01375,
          0.68622
        ]
      },
      "properties": {
        "id": "B639",
        "name": "BURYAMBWA",
        "link": "None",
        "length": 7.400000095367432,
        "width": 5.900000095367432,
        "class": "National"
      }
    },
    {
      "type": "Feature",
      "geometry": {
        "type": "Point",
        "coordinates": [
          31.5648,
          2.2849
        ]
      },
      "properties": {
        "id": "B640",
        "name": "Masindi-Park Junction",
        "link": "None",
        "length": null,
        "width": null,
        "class": "National"
      }
    },
    {
      "type": "Feature",
      "geometry": {
        "type": "Point",
        "coordinates": [
          31.5648,
          2.2849
        ]
      },
      "properties": {
        "id": "B641",
        "name": "B3(K-P5)",
        "link": "None",
        "length": null,
        "width": null,
        "class": "National"
      }
    },
    {
      "type": "Feature",
      "geometry": {
        "type": "Point",
        "coordinates": [
          31.5648,
          2.2849
        ]
      },
      "properties": {
        "id": "B642",
        "name": "B2(K-P5)",
        "link": "None",
        "length": null,
        "width": null,
        "class": "National"
      }
    },
    {
      "type": "Feature",
      "geometry": {
        "type": "Point",
        "coordinates": [
          31.5648,
          2.2849
        ]
      },
      "properties": {
        "id": "B643",
        "name": "B1(K-P5)",
        "link": "None",
        "length": null,
        "width": null,
        "class": "National"
      }
    },
    {
      "type": "Feature",
      "geometry": {
        "type": "Point",
        "coordinates": [
          30.27809,
          -0.349995
        ]
      },
      "properties": {
        "id": "B644",
        "name": "Nsonja",
        "link": "None",
        "length": 8.300000190734863,
        "width": 7.599999904632568,
        "class": "National"
      }
    },
    {
      "type": "Feature",
      "geometry": {
        "type": "Point",
        "coordinates": [
          32.920879,
          3.730398
        ]
      },
      "properties": {
        "id": "B720",
        "name": "LAKUPE BRIDGE",
        "link": "None",
        "length": 5.199999809265137,
        "width": 3.0399999618530273,
        "class": "National"
      }
    },
    {
      "type": "Feature",
      "geometry": {
        "type": "Point",
        "coordinates": [
          32.528198,
          0.2053
        ]
      },
      "properties": {
        "id": "B721",
        "name": "Kajjansi overbridge 2 KEE B12",
        "link": "None",
        "length": null,
        "width": null,
        "class": "National"
      }
    },
    {
      "type": "Feature",
      "geometry": {
        "type": "Point",
        "coordinates": [
          32.5126,
          0.1064
        ]
      },
      "properties": {
        "id": "B722",
        "name": "Mpalla 1",
        "link": "None",
        "length": null,
        "width": null,
        "class": "National"
      }
    },
    {
      "type": "Feature",
      "geometry": {
        "type": "Point",
        "coordinates": [
          32.544102,
          0.2185
        ]
      },
      "properties": {
        "id": "B723",
        "name": "Kajjansi overbridge 3 KEE 13",
        "link": "None",
        "length": null,
        "width": null,
        "class": "National"
      }
    },
    {
      "type": "Feature",
      "geometry": {
        "type": "Point",
        "coordinates": [
          30.90546,
          3.15209
        ]
      },
      "properties": {
        "id": "B724",
        "name": "ENVE",
        "link": "None",
        "length": null,
        "width": null,
        "class": "National"
      }
    },
    {
      "type": "Feature",
      "geometry": {
        "type": "Point",
        "coordinates": [
          31.535219,
          3.60911
        ]
      },
      "properties": {
        "id": "B725",
        "name": "YII",
        "link": "None",
        "length": null,
        "width": null,
        "class": "National"
      }
    },
    {
      "type": "Feature",
      "geometry": {
        "type": "Point",
        "coordinates": [
          31.535076,
          3.609253
        ]
      },
      "properties": {
        "id": "B726",
        "name": "NYAWA",
        "link": "None",
        "length": 31.450000762939453,
        "width": 8.600000381469727,
        "class": "National"
      }
    },
    {
      "type": "Feature",
      "geometry": {
        "type": "Point",
        "coordinates": [
          33.062431,
          3.253996
        ]
      },
      "properties": {
        "id": "B727",
        "name": "ODYAKA BRIDGE",
        "link": "None",
        "length": 5.389999866485596,
        "width": 4.800000190734863,
        "class": "National"
      }
    },
    {
      "type": "Feature",
      "geometry": {
        "type": "Point",
        "coordinates": [
          33.548,
          2.722
        ]
      },
      "properties": {
        "id": "B728",
        "name": "Agago Irish Crossing",
        "link": "None",
        "length": 14.399999618530273,
        "width": 9.850000381469727,
        "class": "National"
      }
    },
    {
      "type": "Feature",
      "geometry": {
        "type": "Point",
        "coordinates": [
          31.085619,
          3.077631
        ]
      },
      "properties": {
        "id": "B731",
        "name": "ODRO BRIDGE",
        "link": "None",
        "length": 14.800000190734863,
        "width": 11.100000381469727,
        "class": "National"
      }
    },
    {
      "type": "Feature",
      "geometry": {
        "type": "Point",
        "coordinates": [
          31.087509,
          3.126947
        ]
      },
      "properties": {
        "id": "B732",
        "name": "ISA BRIDGE",
        "link": "None",
        "length": 11.649999618530273,
        "width": 4.099999904632568,
        "class": "National"
      }
    },
    {
      "type": "Feature",
      "geometry": {
        "type": "Point",
        "coordinates": [
          31.08559,
          3.14417
        ]
      },
      "properties": {
        "id": "B733",
        "name": "NAARA",
        "link": "None",
        "length": 7.400000095367432,
        "width": 4.0,
        "class": "National"
      }
    },
    {
      "type": "Feature",
      "geometry": {
        "type": "Point",
        "coordinates": [
          31.24107,
          2.8897
        ]
      },
      "properties": {
        "id": "B735",
        "name": "GAZI (ALLA)",
        "link": "None",
        "length": 18.5,
        "width": 5.400000095367432,
        "class": "National"
      }
    },
    {
      "type": "Feature",
      "geometry": {
        "type": "Point",
        "coordinates": [
          30.959221,
          2.41427
        ]
      },
      "properties": {
        "id": "B736",
        "name": "AYUALA BRIDGE",
        "link": "None",
        "length": 8.0,
        "width": 4.300000190734863,
        "class": "National"
      }
    },
    {
      "type": "Feature",
      "geometry": {
        "type": "Point",
        "coordinates": [
          30.957674,
          2.43322
        ]
      },
      "properties": {
        "id": "B737",
        "name": "NYAGAK BRIDGE",
        "link": "None",
        "length": 10.600000381469727,
        "width": 4.570000171661377,
        "class": "National"
      }
    },
    {
      "type": "Feature",
      "geometry": {
        "type": "Point",
        "coordinates": [
          30.864159,
          2.566893
        ]
      },
      "properties": {
        "id": "B738",
        "name": "ORA BRIDGE",
        "link": "None",
        "length": 6.599999904632568,
        "width": 4.400000095367432,
        "class": "National"
      }
    },
    {
      "type": "Feature",
      "geometry": {
        "type": "Point",
        "coordinates": [
          30.891249,
          2.589902
        ]
      },
      "properties": {
        "id": "B739",
        "name": "ANIZA BRIDGE",
        "link": "None",
        "length": 6.099999904632568,
        "width": 4.800000190734863,
        "class": "National"
      }
    },
    {
      "type": "Feature",
      "geometry": {
        "type": "Point",
        "coordinates": [
          30.87359,
          2.618398
        ]
      },
      "properties": {
        "id": "B740",
        "name": "OMOLO BRIDGE",
        "link": "None",
        "length": 10.100000381469727,
        "width": 4.400000095367432,
        "class": "National"
      }
    },
    {
      "type": "Feature",
      "geometry": {
        "type": "Point",
        "coordinates": [
          30.859312,
          2.672634
        ]
      },
      "properties": {
        "id": "B741",
        "name": "ODRUA RIVER",
        "link": "None",
        "length": 13.600000381469727,
        "width": 3.9200000762939453,
        "class": "National"
      }
    },
    {
      "type": "Feature",
      "geometry": {
        "type": "Point",
        "coordinates": [
          30.93187,
          2.96701
        ]
      },
      "properties": {
        "id": "B743",
        "name": "ALLA",
        "link": "None",
        "length": 7.5,
        "width": 4.300000190734863,
        "class": "National"
      }
    },
    {
      "type": "Feature",
      "geometry": {
        "type": "Point",
        "coordinates": [
          32.436497,
          2.408013
        ]
      },
      "properties": {
        "id": "B750",
        "name": "TOCHI 2 BRIDGE",
        "link": "None",
        "length": 5.599999904632568,
        "width": 3.9000000953674316,
        "class": "National"
      }
    },
    {
      "type": "Feature",
      "geometry": {
        "type": "Point",
        "coordinates": [
          32.513,
          2.20374
        ]
      },
      "properties": {
        "id": "B751",
        "name": "Okole Bridge 2",
        "link": "C662",
        "length": 4.0,
        "width": 3.700000047683716,
        "class": "National"
      }
    },
    {
      "type": "Feature",
      "geometry": {
        "type": "Point",
        "coordinates": [
          32.339561,
          2.22018
        ]
      },
      "properties": {
        "id": "B752",
        "name": "TOCHI BRIDGE",
        "link": "C662",
        "length": 10.0,
        "width": 4.400000095367432,
        "class": "National"
      }
    },
    {
      "type": "Feature",
      "geometry": {
        "type": "Point",
        "coordinates": [
          32.550999,
          0.211
        ]
      },
      "properties": {
        "id": "B754",
        "name": "Expressway Structure (B754)",
        "link": "None",
        "length": null,
        "width": null,
        "class": "National"
      }
    },
    {
      "type": "Feature",
      "geometry": {
        "type": "Point",
        "coordinates": [
          31.65592,
          3.26724
        ]
      },
      "properties": {
        "id": "B760",
        "name": "ITIRIKWA",
        "link": "None",
        "length": 8.050000190734863,
        "width": 4.269999980926514,
        "class": "National"
      }
    },
    {
      "type": "Feature",
      "geometry": {
        "type": "Point",
        "coordinates": [
          33.171299,
          2.27357
        ]
      },
      "properties": {
        "id": "B761",
        "name": "ALOI BRIDGE",
        "link": "None",
        "length": 3.930000066757202,
        "width": 4.880000114440918,
        "class": "National"
      }
    },
    {
      "type": "Feature",
      "geometry": {
        "type": "Point",
        "coordinates": [
          33.350052,
          3.34679
        ]
      },
      "properties": {
        "id": "B762",
        "name": "NAMUKORA",
        "link": "None",
        "length": 13.649999618530273,
        "width": 4.699999809265137,
        "class": "National"
      }
    },
    {
      "type": "Feature",
      "geometry": {
        "type": "Point",
        "coordinates": [
          30.905081,
          3.01494
        ]
      },
      "properties": {
        "id": "B763",
        "name": "ENYAU",
        "link": "None",
        "length": 15.0,
        "width": 11.300000190734863,
        "class": "National"
      }
    },
    {
      "type": "Feature",
      "geometry": {
        "type": "Point",
        "coordinates": [
          31.746481,
          2.85103
        ]
      },
      "properties": {
        "id": "B764",
        "name": "Amuru Junction - Awee",
        "link": "None",
        "length": 4.0,
        "width": 7.0,
        "class": "National"
      }
    },
    {
      "type": "Feature",
      "geometry": {
        "type": "Point",
        "coordinates": [
          31.730659,
          2.85084
        ]
      },
      "properties": {
        "id": "B765",
        "name": "Amuru Junction-Awee",
        "link": "None",
        "length": 4.0,
        "width": 7.0,
        "class": "National"
      }
    },
    {
      "type": "Feature",
      "geometry": {
        "type": "Point",
        "coordinates": [
          31.714809,
          2.86182
        ]
      },
      "properties": {
        "id": "B766",
        "name": "Amuru Junction - Awee",
        "link": "None",
        "length": 3.700000047683716,
        "width": 7.0,
        "class": "National"
      }
    },
    {
      "type": "Feature",
      "geometry": {
        "type": "Point",
        "coordinates": [
          32.523399,
          0.1849
        ]
      },
      "properties": {
        "id": "B767",
        "name": "Bumuli Overbridge",
        "link": "None",
        "length": null,
        "width": null,
        "class": "National"
      }
    },
    {
      "type": "Feature",
      "geometry": {
        "type": "Point",
        "coordinates": [
          32.511799,
          0.105
        ]
      },
      "properties": {
        "id": "B768",
        "name": "Mpalla 3",
        "link": "None",
        "length": null,
        "width": null,
        "class": "National"
      }
    },
    {
      "type": "Feature",
      "geometry": {
        "type": "Point",
        "coordinates": [
          33.547661,
          2.72239
        ]
      },
      "properties": {
        "id": "B769",
        "name": "Agago Irish Crossing",
        "link": "None",
        "length": null,
        "width": null,
        "class": "National"
      }
    },
    {
      "type": "Feature",
      "geometry": {
        "type": "Point",
        "coordinates": [
          34.158741,
          0.939423
        ]
      },
      "properties": {
        "id": "B770",
        "name": "Manafwa",
        "link": "None",
        "length": 7.449999809265137,
        "width": 4.550000190734863,
        "class": "National"
      }
    },
    {
      "type": "Feature",
      "geometry": {
        "type": "Point",
        "coordinates": [
          34.066002,
          3.006
        ]
      },
      "properties": {
        "id": "B771",
        "name": "Nalubaale Dam / Owen Falls",
        "link": "None",
        "length": 30.600000381469727,
        "width": 6.0,
        "class": "National"
      }
    },
    {
      "type": "Feature",
      "geometry": {
        "type": "Point",
        "coordinates": [
          34.584,
          1.862
        ]
      },
      "properties": {
        "id": "B772",
        "name": "Nabilatuk Irish Crossing",
        "link": "None",
        "length": 17.100000381469727,
        "width": 3.9700000286102295,
        "class": "National"
      }
    },
    {
      "type": "Feature",
      "geometry": {
        "type": "Point",
        "coordinates": [
          33.298061,
          0.49291
        ]
      },
      "properties": {
        "id": "B861",
        "name": "ROAD OVER SUGARCANE PLANTATION",
        "link": "None",
        "length": 5.300000190734863,
        "width": 13.600000381469727,
        "class": "National"
      }
    },
    {
      "type": "Feature",
      "geometry": {
        "type": "Point",
        "coordinates": [
          33.319271,
          0.50398
        ]
      },
      "properties": {
        "id": "B862",
        "name": "ROAD OVER SUGARCANE PLANTATION",
        "link": "None",
        "length": 5.400000095367432,
        "width": 13.199999809265137,
        "class": "National"
      }
    },
    {
      "type": "Feature",
      "geometry": {
        "type": "Point",
        "coordinates": [
          34.052441,
          0.58559
        ]
      },
      "properties": {
        "id": "B863",
        "name": "MALAWA",
        "link": "None",
        "length": 40.599998474121094,
        "width": 11.0,
        "class": "National"
      }
    },
    {
      "type": "Feature",
      "geometry": {
        "type": "Point",
        "coordinates": [
          34.370029,
          1.15105
        ]
      },
      "properties": {
        "id": "B864",
        "name": "KIGULI BRIDGE",
        "link": "None",
        "length": 18.200000762939453,
        "width": 7.699999809265137,
        "class": "National"
      }
    },
    {
      "type": "Feature",
      "geometry": {
        "type": "Point",
        "coordinates": [
          33.99033,
          0.92837
        ]
      },
      "properties": {
        "id": "B865",
        "name": "LERESI",
        "link": "None",
        "length": 26.0,
        "width": 9.5,
        "class": "National"
      }
    },
    {
      "type": "Feature",
      "geometry": {
        "type": "Point",
        "coordinates": [
          34.157761,
          0.93705
        ]
      },
      "properties": {
        "id": "B866",
        "name": "MANAFA",
        "link": "None",
        "length": 26.399999618530273,
        "width": 10.600000381469727,
        "class": "National"
      }
    },
    {
      "type": "Feature",
      "geometry": {
        "type": "Point",
        "coordinates": [
          34.334431,
          1.00421
        ]
      },
      "properties": {
        "id": "B867",
        "name": "BUWANGANI",
        "link": "None",
        "length": 6.400000095367432,
        "width": 7.800000190734863,
        "class": "National"
      }
    },
    {
      "type": "Feature",
      "geometry": {
        "type": "Point",
        "coordinates": [
          34.029419,
          2.99895
        ]
      },
      "properties": {
        "id": "B868",
        "name": "DOPETH",
        "link": "None",
        "length": 21.559999465942383,
        "width": 5.840000152587891,
        "class": "National"
      }
    },
    {
      "type": "Feature",
      "geometry": {
        "type": "Point",
        "coordinates": [
          33.547291,
          2.72251
        ]
      },
      "properties": {
        "id": "B869",
        "name": "AMETA BRIDGE",
        "link": "None",
        "length": 8.699999809265137,
        "width": 5.940000057220459,
        "class": "National"
      }
    },
    {
      "type": "Feature",
      "geometry": {
        "type": "Point",
        "coordinates": [
          34.312031,
          1.16673
        ]
      },
      "properties": {
        "id": "B870",
        "name": "WASITA",
        "link": "None",
        "length": 15.0,
        "width": 4.599999904632568,
        "class": "National"
      }
    },
    {
      "type": "Feature",
      "geometry": {
        "type": "Point",
        "coordinates": [
          34.191959,
          0.83513
        ]
      },
      "properties": {
        "id": "B871",
        "name": "LWANJUSI BRIDGE",
        "link": "None",
        "length": 4.0,
        "width": 5.099999904632568,
        "class": "National"
      }
    },
    {
      "type": "Feature",
      "geometry": {
        "type": "Point",
        "coordinates": [
          34.662239,
          1.33643
        ]
      },
      "properties": {
        "id": "B872",
        "name": "SITI",
        "link": "None",
        "length": 17.0,
        "width": 12.0,
        "class": "National"
      }
    },
    {
      "type": "Feature",
      "geometry": {
        "type": "Point",
        "coordinates": [
          34.718491,
          1.44837
        ]
      },
      "properties": {
        "id": "B873",
        "name": "GIRIK",
        "link": "None",
        "length": 30.0,
        "width": 7.199999809265137,
        "class": "National"
      }
    },
    {
      "type": "Feature",
      "geometry": {
        "type": "Point",
        "coordinates": [
          34.740051,
          1.28845
        ]
      },
      "properties": {
        "id": "B874",
        "name": "BUKWO",
        "link": "None",
        "length": 24.0,
        "width": 14.0,
        "class": "National"
      }
    },
    {
      "type": "Feature",
      "geometry": {
        "type": "Point",
        "coordinates": [
          30.50481,
          -0.98259
        ]
      },
      "properties": {
        "id": "B875",
        "name": "Kabobo-MPCS",
        "link": "None",
        "length": null,
        "width": null,
        "class": "National"
      }
    },
    {
      "type": "Feature",
      "geometry": {
        "type": "Point",
        "coordinates": [
          34.118999,
          0.894
        ]
      },
      "properties": {
        "id": "B876",
        "name": "Lukha",
        "link": "None",
        "length": 5.5,
        "width": 4.599999904632568,
        "class": "National"
      }
    },
    {
      "type": "Feature",
      "geometry": {
        "type": "Point",
        "coordinates": [
          34.733608,
          1.21605
        ]
      },
      "properties": {
        "id": "B877",
        "name": "SUAM BRIDGE",
        "link": "None",
        "length": 16.959999084472656,
        "width": 7.670000076293945,
        "class": "National"
      }
    },
    {
      "type": "Feature",
      "geometry": {
        "type": "Point",
        "coordinates": [
          34.942768,
          1.95968
        ]
      },
      "properties": {
        "id": "B878",
        "name": "AMUDAT - LOROO",
        "link": "None",
        "length": 37.0,
        "width": 5.0,
        "class": "National"
      }
    },
    {
      "type": "Feature",
      "geometry": {
        "type": "Point",
        "coordinates": [
          30.660252,
          0.096188
        ]
      },
      "properties": {
        "id": "B879",
        "name": "Nyebisheke-MPCS",
        "link": "None",
        "length": null,
        "width": null,
        "class": "National"
      }
    },
    {
      "type": "Feature",
      "geometry": {
        "type": "Point",
        "coordinates": [
          34.029388,
          2.99894
        ]
      },
      "properties": {
        "id": "B880",
        "name": "KOTIDO-KAILONG",
        "link": "None",
        "length": 21.0,
        "width": 5.0,
        "class": "National"
      }
    },
    {
      "type": "Feature",
      "geometry": {
        "type": "Point",
        "coordinates": [
          34.121719,
          0.69045
        ]
      },
      "properties": {
        "id": "B881",
        "name": "MUSUKULE",
        "link": "None",
        "length": 4.0,
        "width": 4.5,
        "class": "National"
      }
    },
    {
      "type": "Feature",
      "geometry": {
        "type": "Point",
        "coordinates": [
          34.01453,
          0.71079
        ]
      },
      "properties": {
        "id": "B882",
        "name": "ADEYO",
        "link": "None",
        "length": 4.0,
        "width": 4.199999809265137,
        "class": "National"
      }
    },
    {
      "type": "Feature",
      "geometry": {
        "type": "Point",
        "coordinates": [
          34.13826,
          0.5821
        ]
      },
      "properties": {
        "id": "B883",
        "name": "ANGOLO BRIDGE",
        "link": "None",
        "length": 19.5,
        "width": 5.150000095367432,
        "class": "National"
      }
    },
    {
      "type": "Feature",
      "geometry": {
        "type": "Point",
        "coordinates": [
          34.13792,
          0.582
        ]
      },
      "properties": {
        "id": "B884",
        "name": "AKATENYANI",
        "link": "None",
        "length": 6.0,
        "width": 5.0,
        "class": "National"
      }
    },
    {
      "type": "Feature",
      "geometry": {
        "type": "Point",
        "coordinates": [
          34.138279,
          0.58299
        ]
      },
      "properties": {
        "id": "B885",
        "name": "OKAME",
        "link": "None",
        "length": 21.0,
        "width": 5.199999809265137,
        "class": "National"
      }
    },
    {
      "type": "Feature",
      "geometry": {
        "type": "Point",
        "coordinates": [
          34.13932,
          0.58573
        ]
      },
      "properties": {
        "id": "B886",
        "name": "KWAKITEZA",
        "link": "None",
        "length": 10.5,
        "width": 5.099999904632568,
        "class": "National"
      }
    },
    {
      "type": "Feature",
      "geometry": {
        "type": "Point",
        "coordinates": [
          34.249451,
          3.31555
        ]
      },
      "properties": {
        "id": "B887",
        "name": "NATARACHA BRIDGE",
        "link": "None",
        "length": 30.850000381469727,
        "width": 4.800000190734863,
        "class": "National"
      }
    },
    {
      "type": "Feature",
      "geometry": {
        "type": "Point",
        "coordinates": [
          31.563999,
          2.285
        ]
      },
      "properties": {
        "id": "B889",
        "name": "Paraa Bridge 2",
        "link": "None",
        "length": 71.0,
        "width": 8.0,
        "class": "National"
      }
    },
    {
      "type": "Feature",
      "geometry": {
        "type": "Point",
        "coordinates": [
          34.17915,
          1.0874
        ]
      },
      "properties": {
        "id": "B027",
        "name": "Nabuyonga Bridge",
        "link": "None",
        "length": 17.149999618530273,
        "width": 18.299999237060547,
        "class": "National"
      }
    },
    {
      "type": "Feature",
      "geometry": {
        "type": "Point",
        "coordinates": [
          31.5648,
          2.2849
        ]
      },
      "properties": {
        "id": "B719",
        "name": "Paraa Bridge 2",
        "link": "C626_Link02",
        "length": null,
        "width": null,
        "class": "National"
      }
    },
    {
      "type": "Feature",
      "geometry": {
        "type": "Point",
        "coordinates": [
          33.547661,
          2.72239
        ]
      },
      "properties": {
        "id": "B753",
        "name": "Agago Irish Crossing",
        "link": "C677_Link02",
        "length": null,
        "width": null,
        "class": "National"
      }
    },
    {
      "type": "Feature",
      "geometry": {
        "type": "Point",
        "coordinates": [
          30.644039,
          -0.61817
        ]
      },
      "properties": {
        "id": "-",
        "name": "RWIZI BRIDGE",
        "link": "None",
        "length": 55.5,
        "width": 11.0,
        "class": "National"
      }
    },
    {
      "type": "Feature",
      "geometry": {
        "type": "Point",
        "coordinates": [
          34.333321,
          2.57954
        ]
      },
      "properties": {
        "id": "X100",
        "name": "Lopei Irish Crossing",
        "link": "B301",
        "length": 32.29999923706055,
        "width": 5.599999904632568,
        "class": "National"
      }
    },
    {
      "type": "Feature",
      "geometry": {
        "type": "Point",
        "coordinates": [
          34.341084,
          2.572684
        ]
      },
      "properties": {
        "id": "X101",
        "name": "Lopei Irish Crossing",
        "link": "B301",
        "length": 47.0,
        "width": 5.599999904632568,
        "class": "National"
      }
    },
    {
      "type": "Feature",
      "geometry": {
        "type": "Point",
        "coordinates": [
          34.22258,
          2.09746
        ]
      },
      "properties": {
        "id": "X102",
        "name": "Iriri MPCs",
        "link": "B303",
        "length": 15.0,
        "width": 7.5,
        "class": "National"
      }
    },
    {
      "type": "Feature",
      "geometry": {
        "type": "Point",
        "coordinates": [
          34.371941,
          1.0276
        ]
      },
      "properties": {
        "id": "X103",
        "name": "Bunamubi Bridge",
        "link": "None",
        "length": 20.600000381469727,
        "width": 8.449999809265137,
        "class": "National"
      }
    },
    {
      "type": "Feature",
      "geometry": {
        "type": "Point",
        "coordinates": [
          34.02877,
          3.01139
        ]
      },
      "properties": {
        "id": "X136",
        "name": "Dopeth Irish Crossing",
        "link": "B302",
        "length": 30.600000381469727,
        "width": 6.0,
        "class": "National"
      }
    },
    {
      "type": "Feature",
      "geometry": {
        "type": "Point",
        "coordinates": [
          33.547661,
          2.72239
        ]
      },
      "properties": {
        "id": "X137",
        "name": "Agago Irish Crossing",
        "link": "B302",
        "length": 38.20000076293945,
        "width": 6.0,
        "class": "National"
      }
    },
    {
      "type": "Feature",
      "geometry": {
        "type": "Point",
        "coordinates": [
          30.101757,
          0.322528
        ]
      },
      "properties": {
        "id": "X15",
        "name": "Kitekena",
        "link": "C510",
        "length": 6.699999809265137,
        "width": 4.0,
        "class": "National"
      }
    },
    {
      "type": "Feature",
      "geometry": {
        "type": "Point",
        "coordinates": [
          34.158741,
          0.939423
        ]
      },
      "properties": {
        "id": "X40",
        "name": "Manafwa",
        "link": "A007",
        "length": 7.449999809265137,
        "width": 4.550000190734863,
        "class": "National"
      }
    },
    {
      "type": "Feature",
      "geometry": {
        "type": "Point",
        "coordinates": [
          30.50481,
          -0.98259
        ]
      },
      "properties": {
        "id": "X70",
        "name": "Kabobo - MPCs",
        "link": "C419",
        "length": 11.199999809265137,
        "width": 10.300000190734863,
        "class": "National"
      }
    },
    {
      "type": "Feature",
      "geometry": {
        "type": "Point",
        "coordinates": [
          30.660252,
          0.096188
        ]
      },
      "properties": {
        "id": "X71",
        "name": "Nyabisheke - MPCS",
        "link": "C357",
        "length": 12.699999809265137,
        "width": 10.229999542236328,
        "class": "National"
      }
    },
    {
      "type": "Feature",
      "geometry": {
        "type": "Point",
        "coordinates": [
          30.531191,
          -0.13323
        ]
      },
      "properties": {
        "id": "X72",
        "name": "Ekyambu - MPCC",
        "link": "C356",
        "length": 10.380000114440918,
        "width": 19.600000381469727,
        "class": "National"
      }
    },
    {
      "type": "Feature",
      "geometry": {
        "type": "Point",
        "coordinates": [
          34.584389,
          1.86152
        ]
      },
      "properties": {
        "id": "X92",
        "name": "Nakironget Irish Crossing",
        "link": "C960",
        "length": 47.0,
        "width": 4.599999904632568,
        "class": "National"
      }
    },
    {
      "type": "Feature",
      "geometry": {
        "type": "Point",
        "coordinates": [
          34.561699,
          1.92604
        ]
      },
      "properties": {
        "id": "X93",
        "name": "Lolachat Irish Crossing/Splash",
        "link": "C960",
        "length": 37.599998474121094,
        "width": 4.599999904632568,
        "class": "National"
      }
    },
    {
      "type": "Feature",
      "geometry": {
        "type": "Point",
        "coordinates": [
          34.57732,
          2.05974
        ]
      },
      "properties": {
        "id": "X94",
        "name": "Nabilatuk Irish Crossing",
        "link": "C960",
        "length": 47.0,
        "width": 4.599999904632568,
        "class": "National"
      }
    }
  ]
}